speech_key,area,reference_role,audio_path,english_text,filipino_text,translation_policy,review_status,review_notes
lesson-6-mission-1,lesson-6,instruction,lessons/lesson-6/mission-1/lesson-6-mission-1.wav,"Read the sentence, listen to my question, then choose the best answer.","Basahin ang pangungusap, pakinggan ang tanong ko, saka piliin ang pinakamahusay na sagot.",translate,approved,"Approved by the product owner on 2026-08-08 for natural child-directed Filipino."
lesson-6-clue-who,lesson-6,instruction,lessons/lesson-6/support/clues/lesson-6-clue-who.wav,"Who asks for a person. Find the name of the person in the sentence.","Ang Who ay nagtatanong tungkol sa tao. Hanapin ang pangalan ng tao sa pangungusap.",translate,approved,"Approved by the product owner on 2026-08-08 for natural child-directed Filipino."
lesson-6-clue-what,lesson-6,instruction,lessons/lesson-6/support/clues/lesson-6-clue-what.wav,"What asks for a thing or an action. Find what the sentence tells us.","Ang What ay nagtatanong tungkol sa bagay o kilos. Hanapin ang sinasabi ng pangungusap.",translate,approved,"Approved by the product owner on 2026-08-08 for natural child-directed Filipino."
lesson-6-clue-where,lesson-6,instruction,lessons/lesson-6/support/clues/lesson-6-clue-where.wav,"Where asks for a place. Find the place in the sentence.","Ang Where ay nagtatanong tungkol sa lugar. Hanapin ang lugar sa pangungusap.",translate,approved,"Approved by the product owner on 2026-08-08 for natural child-directed Filipino."
lesson-6-clue-when,lesson-6,instruction,lessons/lesson-6/support/clues/lesson-6-clue-when.wav,"When asks for a time. Find the time in the sentence.","Ang When ay nagtatanong tungkol sa oras. Hanapin ang oras sa pangungusap.",translate,approved,"Approved by the product owner on 2026-08-08 for natural child-directed Filipino."
lesson-6-clue-why,lesson-6,instruction,lessons/lesson-6/support/clues/lesson-6-clue-why.wav,"Why asks for a reason. Find the words that tell why it happened.","Ang Why ay nagtatanong tungkol sa dahilan. Hanapin ang mga salitang nagsasabi kung bakit ito nangyari.",translate,approved,"Approved by the product owner on 2026-08-08 for natural child-directed Filipino."
lesson-6-complete,lesson-6,result,lessons/lesson-6/completion/lesson-6-complete.wav,"You finished all six reading lessons. You are a Question Detective. Your Final Assessment is ready.","Natapos mo ang lahat ng anim na aralin sa pagbasa. Isa ka nang Question Detective. Handa na ang iyong Final Assessment.",translate,approved,"Approved by the product owner on 2026-08-08 for natural child-directed Filipino."
lesson-6-question-who-lena,lesson-6,question,lessons/lesson-6/question/lesson-6-question-who-lena.wav,"Who has a red bag?","Sino ang may pulang bag?",translate,approved,"Approved by the product owner on 2026-08-08 for natural child-directed Filipino."
lesson-6-guided-who-lena,lesson-6,instruction,lessons/lesson-6/guided/lesson-6-guided-who-lena.wav,"Look at the highlighted name. Who has a red bag?","Tingnan ang pangalang naka-highlight. Sino ang may pulang bag?",translate,approved,"Approved by the product owner on 2026-08-08 for natural child-directed Filipino."
lesson-6-demo-who-lena,lesson-6,instruction,lessons/lesson-6/demo/lesson-6-demo-who-lena.wav,"The sentence says Lena. Choose Lena.","Lena ang sinasabi ng pangungusap. Piliin si Lena.",translate,approved,"Approved by the product owner on 2026-08-08 for natural child-directed Filipino."
lesson-6-correct-who-lena,lesson-6,result,lessons/lesson-6/correct/lesson-6-correct-who-lena.wav,"That is correct. Lena has the red bag.","Tama. Si Lena ang may pulang bag.",translate,approved,"Approved by the product owner on 2026-08-08 for natural child-directed Filipino."
lesson-6-question-who-rosa,lesson-6,question,lessons/lesson-6/question/lesson-6-question-who-rosa.wav,"Who has a pet cat?","Sino ang may alagang pusa?",translate,approved,"Approved by the product owner on 2026-08-08 for natural child-directed Filipino."
lesson-6-guided-who-rosa,lesson-6,instruction,lessons/lesson-6/guided/lesson-6-guided-who-rosa.wav,"Look at the highlighted name. Who has a pet cat?","Tingnan ang pangalang naka-highlight. Sino ang may alagang pusa?",translate,approved,"Approved by the product owner on 2026-08-08 for natural child-directed Filipino."
lesson-6-demo-who-rosa,lesson-6,instruction,lessons/lesson-6/demo/lesson-6-demo-who-rosa.wav,"The sentence says Rosa. Choose Rosa.","Rosa ang sinasabi ng pangungusap. Piliin si Rosa.",translate,approved,"Approved by the product owner on 2026-08-08 for natural child-directed Filipino."
lesson-6-correct-who-rosa,lesson-6,result,lessons/lesson-6/correct/lesson-6-correct-who-rosa.wav,"That is correct. Rosa has the pet cat.","Tama. Si Rosa ang may alagang pusa.",translate,approved,"Approved by the product owner on 2026-08-08 for natural child-directed Filipino."
lesson-6-question-what-mia,lesson-6,question,lessons/lesson-6/question/lesson-6-question-what-mia.wav,"What does Mia have?","Ano ang mayroon si Mia?",translate,approved,"Approved by the product owner on 2026-08-08 for natural child-directed Filipino."
lesson-6-guided-what-mia,lesson-6,instruction,lessons/lesson-6/guided/lesson-6-guided-what-mia.wav,"Look at the highlighted thing. What does Mia have?","Tingnan ang bagay na naka-highlight. Ano ang mayroon si Mia?",translate,approved,"Approved by the product owner on 2026-08-08 for natural child-directed Filipino."
lesson-6-demo-what-mia,lesson-6,instruction,lessons/lesson-6/demo/lesson-6-demo-what-mia.wav,"The sentence says a red pen. Choose A red pen.","Pulang bolpen ang sinasabi ng pangungusap. Piliin ang pulang bolpen.",translate,approved,"Approved by the product owner on 2026-08-08 for natural child-directed Filipino."
lesson-6-correct-what-mia,lesson-6,result,lessons/lesson-6/correct/lesson-6-correct-what-mia.wav,"That is correct. Mia has a red pen.","Tama. May pulang bolpen si Mia.",translate,approved,"Approved by the product owner on 2026-08-08 for natural child-directed Filipino."
lesson-6-question-what-ben,lesson-6,question,lessons/lesson-6/question/lesson-6-question-what-ben.wav,"What does Ben have?","Ano ang mayroon si Ben?",translate,approved,"Approved by the product owner on 2026-08-08 for natural child-directed Filipino."
lesson-6-guided-what-ben,lesson-6,instruction,lessons/lesson-6/guided/lesson-6-guided-what-ben.wav,"Look at the highlighted thing. What does Ben have?","Tingnan ang bagay na naka-highlight. Ano ang mayroon si Ben?",translate,approved,"Approved by the product owner on 2026-08-08 for natural child-directed Filipino."
lesson-6-demo-what-ben,lesson-6,instruction,lessons/lesson-6/demo/lesson-6-demo-what-ben.wav,"The sentence says a pet dog. Choose A pet dog.","Alagang aso ang sinasabi ng pangungusap. Piliin ang alagang aso.",translate,approved,"Approved by the product owner on 2026-08-08 for natural child-directed Filipino."
lesson-6-correct-what-ben,lesson-6,result,lessons/lesson-6/correct/lesson-6-correct-what-ben.wav,"That is correct. Ben has a pet dog.","Tama. May alagang aso si Ben.",translate,approved,"Approved by the product owner on 2026-08-08 for natural child-directed Filipino."
lesson-6-question-where-cat,lesson-6,question,lessons/lesson-6/question/lesson-6-question-where-cat.wav,"Where is the cat?","Nasaan ang pusa?",translate,approved,"Approved by the product owner on 2026-08-08 for natural child-directed Filipino."
lesson-6-guided-where-cat,lesson-6,instruction,lessons/lesson-6/guided/lesson-6-guided-where-cat.wav,"Look at the highlighted place. Where is the cat?","Tingnan ang lugar na naka-highlight. Nasaan ang pusa?",translate,approved,"Approved by the product owner on 2026-08-08 for natural child-directed Filipino."
lesson-6-demo-where-cat,lesson-6,instruction,lessons/lesson-6/demo/lesson-6-demo-where-cat.wav,"The sentence says on a bed. Choose On a bed.","Nasa ibabaw ng kama ang sinasabi ng pangungusap. Piliin ang nasa ibabaw ng kama.",translate,approved,"Approved by the product owner on 2026-08-08 for natural child-directed Filipino."
lesson-6-correct-where-cat,lesson-6,result,lessons/lesson-6/correct/lesson-6-correct-where-cat.wav,"That is correct. The cat is on a bed.","Tama. Nasa ibabaw ng kama ang pusa.",translate,approved,"Approved by the product owner on 2026-08-08 for natural child-directed Filipino."
lesson-6-question-where-hen,lesson-6,question,lessons/lesson-6/question/lesson-6-question-where-hen.wav,"Where is the hen?","Nasaan ang inahin?",translate,approved,"Approved by the product owner on 2026-08-08 for natural child-directed Filipino."
lesson-6-guided-where-hen,lesson-6,instruction,lessons/lesson-6/guided/lesson-6-guided-where-hen.wav,"Look at the highlighted place. Where is the hen?","Tingnan ang lugar na naka-highlight. Nasaan ang inahin?",translate,approved,"Approved by the product owner on 2026-08-08 for natural child-directed Filipino."
lesson-6-demo-where-hen,lesson-6,instruction,lessons/lesson-6/demo/lesson-6-demo-where-hen.wav,"The sentence says in a hut. Choose In a hut.","Nasa loob ng kubo ang sinasabi ng pangungusap. Piliin ang nasa loob ng kubo.",translate,approved,"Approved by the product owner on 2026-08-08 for natural child-directed Filipino."
lesson-6-correct-where-hen,lesson-6,result,lessons/lesson-6/correct/lesson-6-correct-where-hen.wav,"That is correct. The hen is in a hut.","Tama. Nasa loob ng kubo ang inahin.",translate,approved,"Approved by the product owner on 2026-08-08 for natural child-directed Filipino."
lesson-6-question-when-lito,lesson-6,question,lessons/lesson-6/question/lesson-6-question-when-lito.wav,"When can Lito run?","Kailan maaaring tumakbo si Lito?",translate,approved,"Approved by the product owner on 2026-08-08 for natural child-directed Filipino."
lesson-6-guided-when-lito,lesson-6,instruction,lessons/lesson-6/guided/lesson-6-guided-when-lito.wav,"Look at the highlighted time. When can Lito run?","Tingnan ang oras na naka-highlight. Kailan maaaring tumakbo si Lito?",translate,approved,"Approved by the product owner on 2026-08-08 for natural child-directed Filipino."
lesson-6-demo-when-lito,lesson-6,instruction,lessons/lesson-6/demo/lesson-6-demo-when-lito.wav,"The sentence says at noon. Choose At noon.","Sa tanghali ang sinasabi ng pangungusap. Piliin ang sa tanghali.",translate,approved,"Approved by the product owner on 2026-08-08 for natural child-directed Filipino."
lesson-6-correct-when-lito,lesson-6,result,lessons/lesson-6/correct/lesson-6-correct-when-lito.wav,"That is correct. Lito can run at noon.","Tama. Maaaring tumakbo si Lito sa tanghali.",translate,approved,"Approved by the product owner on 2026-08-08 for natural child-directed Filipino."
lesson-6-question-when-nena,lesson-6,question,lessons/lesson-6/question/lesson-6-question-when-nena.wav,"When can Nena nap?","Kailan maaaring umidlip si Nena?",translate,approved,"Approved by the product owner on 2026-08-08 for natural child-directed Filipino."
lesson-6-guided-when-nena,lesson-6,instruction,lessons/lesson-6/guided/lesson-6-guided-when-nena.wav,"Look at the highlighted time. When can Nena nap?","Tingnan ang oras na naka-highlight. Kailan maaaring umidlip si Nena?",translate,approved,"Approved by the product owner on 2026-08-08 for natural child-directed Filipino."
lesson-6-demo-when-nena,lesson-6,instruction,lessons/lesson-6/demo/lesson-6-demo-when-nena.wav,"The sentence says at ten. Choose At ten.","Sa alas-diyes ang sinasabi ng pangungusap. Piliin ang sa alas-diyes.",translate,approved,"Approved by the product owner on 2026-08-08 for natural child-directed Filipino."
lesson-6-correct-when-nena,lesson-6,result,lessons/lesson-6/correct/lesson-6-correct-when-nena.wav,"That is correct. Nena can nap at ten.","Tama. Maaaring umidlip si Nena sa alas-diyes.",translate,approved,"Approved by the product owner on 2026-08-08 for natural child-directed Filipino."
lesson-6-question-why-mila,lesson-6,question,lessons/lesson-6/question/lesson-6-question-why-mila.wav,"Why is Mila wet?","Bakit basa si Mila?",translate,approved,"Approved by the product owner on 2026-08-08 for natural child-directed Filipino."
lesson-6-guided-why-mila,lesson-6,instruction,lessons/lesson-6/guided/lesson-6-guided-why-mila.wav,"Look at the highlighted reason. Why is Mila wet?","Tingnan ang dahilan na naka-highlight. Bakit basa si Mila?",translate,approved,"Approved by the product owner on 2026-08-08 for natural child-directed Filipino."
lesson-6-demo-why-mila,lesson-6,instruction,lessons/lesson-6/demo/lesson-6-demo-why-mila.wav,"The sentence says rain made Mila wet. Choose Rain.","Nabasa si Mila dahil sa ulan. Piliin ang ulan.",translate,approved,"Approved by the product owner on 2026-08-08 for natural child-directed Filipino."
lesson-6-correct-why-mila,lesson-6,result,lessons/lesson-6/correct/lesson-6-correct-why-mila.wav,"That is correct. Rain made Mila wet.","Tama. Nabasa si Mila dahil sa ulan.",translate,approved,"Approved by the product owner on 2026-08-08 for natural child-directed Filipino."
lesson-6-question-why-tino,lesson-6,question,lessons/lesson-6/question/lesson-6-question-why-tino.wav,"Why is Tino sad?","Bakit malungkot si Tino?",translate,approved,"Approved by the product owner on 2026-08-08 for natural child-directed Filipino."
lesson-6-guided-why-tino,lesson-6,instruction,lessons/lesson-6/guided/lesson-6-guided-why-tino.wav,"Look at the highlighted reason. Why is Tino sad?","Tingnan ang dahilan na naka-highlight. Bakit malungkot si Tino?",translate,approved,"Approved by the product owner on 2026-08-08 for natural child-directed Filipino."
lesson-6-demo-why-tino,lesson-6,instruction,lessons/lesson-6/demo/lesson-6-demo-why-tino.wav,"The sentence says a cut made Tino sad. Choose A cut.","Nalungkot si Tino dahil sa sugat. Piliin ang sugat.",translate,approved,"Approved by the product owner on 2026-08-08 for natural child-directed Filipino."
lesson-6-correct-why-tino,lesson-6,result,lessons/lesson-6/correct/lesson-6-correct-why-tino.wav,"That is correct. A cut made Tino sad.","Tama. Nalungkot si Tino dahil sa sugat.",translate,approved,"Approved by the product owner on 2026-08-08 for natural child-directed Filipino."
learn-with-clara-letters-parade-opening,learn-with-clara,instruction,learn-with-clara/letters/parade/opening.wav,"Oh no. A playful gust scattered the little letters before the parade. Will you help me bring each one back to its big-letter partner?","Naku. Ikinalat ng mapaglarong hangin ang maliliit na letra bago ang parada. Tutulungan mo ba akong ibalik ang bawat isa sa kapareha nitong malaking letra?",code_switch_target,approved,"Approved by the product owner on 2026-08-08. Preserve the English literacy target."
learn-with-clara-letters-find-a,learn-with-clara,question,learn-with-clara/letters/parade/find-a.wav,"Big A is waiting under the apple arch. Can you find little a?","Naghihintay ang malaking A sa ilalim ng arkong may mansanas. Mahahanap mo ba ang maliit na a?",code_switch_target,approved,"Approved by the product owner on 2026-08-08. Preserve the English literacy target."
learn-with-clara-letters-find-b,learn-with-clara,question,learn-with-clara/letters/parade/find-b.wav,"Now the balloon float is bobbing away. Find little b so big B has a partner.","Umaindayog na ang float na may lobo. Hanapin ang maliit na b upang magkaroon ng kapareha ang malaking B.",code_switch_target,approved,"Approved by the product owner on 2026-08-08. Preserve the English literacy target."
learn-with-clara-letters-find-c,learn-with-clara,question,learn-with-clara/letters/parade/find-c.wav,"The curved banner is rolling across the road. Can you spot little c?","Gumugulong sa daan ang pakurbang banderitas. Makikita mo ba ang maliit na c?",code_switch_target,approved,"Approved by the product owner on 2026-08-08. Preserve the English literacy target."
learn-with-clara-letters-find-d,learn-with-clara,question,learn-with-clara/letters/parade/find-d.wav,"Listen to the drum cart bounce. Find little d beside big D.","Pakinggan ang karitong may tambol. Hanapin ang maliit na d sa tabi ng malaking D.",code_switch_target,approved,"Approved by the product owner on 2026-08-08. Preserve the English literacy target."
learn-with-clara-letters-find-e,learn-with-clara,question,learn-with-clara/letters/parade/find-e.wav,"One last parade wagon is coming. Find little e so every pair can march together.","Paparating na ang huling karosa. Hanapin ang maliit na e upang magkasamang makapagparada ang bawat pares.",code_switch_target,approved,"Approved by the product owner on 2026-08-08. Preserve the English literacy target."
learn-with-clara-letters-parade-finale,learn-with-clara,result,learn-with-clara/letters/parade/finale.wav,"We found every little letter. A, B, C, D, and E are together. The Letter Parade can begin.","Nahanap natin ang lahat ng maliliit na letra. Magkakasama na ang A, B, C, D, at E. Maaari nang magsimula ang Letter Parade.",code_switch_target,approved,"Approved by the product owner on 2026-08-08. Preserve the English literacy target."
lesson-intro,lesson-intro,introduce,lesson-intro/lesson-intro.wav,"Hi. I am happy you are here. Let us get ready to read together.","Kumusta. Masaya akong narito ka. Maghanda tayong magbasa nang magkasama.",translate,approved,"Approved by the product owner on 2026-08-08 for natural child-directed Filipino."
lesson-1-mission-1,lesson-1,instruction,lessons/lesson-1/mission-1/lesson-1-mission-1.wav,"Look at the big letter and the small letter. Say their letter name.","Tingnan ang malaking letra at maliit na letra. Sabihin ang pangalan ng letra.",translate,approved,"Approved by the product owner on 2026-08-08 for natural child-directed Filipino."
lesson-1-mission-2,lesson-1,instruction,lessons/lesson-1/mission-2/lesson-1-mission-2.wav,"Find the first letter in the word. Say its letter name.","Hanapin ang unang letra ng salita. Sabihin ang pangalan nito.",translate,approved,"Approved by the product owner on 2026-08-08 for natural child-directed Filipino."
lesson-1-mission-3,lesson-1,instruction,lessons/lesson-1/mission-3/lesson-1-mission-3.wav,"Find the missing first letter. Say the letter that completes the word.","Hanapin ang nawawalang unang letra. Sabihin ang letrang kukumpleto sa salita.",translate,approved,"Approved by the product owner on 2026-08-08 for natural child-directed Filipino."
lesson-1-complete,lesson-1,result,lessons/lesson-1/completion/lesson-1-complete.wav,"Lesson one is complete. You are a Letter Leader.","Tapos na ang unang aralin. Isa ka nang Letter Leader.",code_switch_target,approved,"Approved by the product owner on 2026-08-08. Preserve the English literacy target."
lesson-2-mission-1,lesson-2,instruction,lessons/lesson-2/mission-1/lesson-2-mission-1.wav,"Read the word you see. Say the whole word.","Basahin ang salitang nakikita mo. Sabihin ang buong salita.",translate,approved,"Approved by the product owner on 2026-08-08 for natural child-directed Filipino."
lesson-2-mission-2,lesson-2,instruction,lessons/lesson-2/mission-2/lesson-2-mission-2.wav,"Look at the sentence. Find the highlighted word, then say that word.","Tingnan ang pangungusap. Hanapin ang salitang naka-highlight, saka sabihin ang salitang iyon.",translate,approved,"Approved by the product owner on 2026-08-08 for natural child-directed Filipino."
lesson-2-complete,lesson-2,result,lessons/lesson-2/completion/lesson-2-complete.wav,"Lesson two is complete. You are a Word Wizard.","Tapos na ang ikalawang aralin. Isa ka nang Word Wizard.",code_switch_target,approved,"Approved by the product owner on 2026-08-08. Preserve the English literacy target."
lesson-3-mission-1,lesson-3,instruction,lessons/lesson-3/mission-1/lesson-3-mission-1.wav,"Read the phrase you see. Say all the words together.","Basahin ang pariralang nakikita mo. Sabihin nang magkakasama ang lahat ng salita.",translate,approved,"Approved by the product owner on 2026-08-08 for natural child-directed Filipino."
lesson-3-complete,lesson-3,result,lessons/lesson-3/completion/lesson-3-complete.wav,"Lesson three is complete. You are a Phrase Pro.","Tapos na ang ikatlong aralin. Isa ka nang Phrase Pro.",code_switch_target,approved,"Approved by the product owner on 2026-08-08. Preserve the English literacy target."
lesson-4-mission-1,lesson-4,instruction,lessons/lesson-4/mission-1/lesson-4-mission-1.wav,"Read the sentence you see. Say all the words from beginning to end.","Basahin ang pangungusap na nakikita mo. Sabihin ang lahat ng salita mula simula hanggang wakas.",translate,approved,"Approved by the product owner on 2026-08-08 for natural child-directed Filipino."
lesson-4-complete,lesson-4,result,lessons/lesson-4/completion/lesson-4-complete.wav,"Lesson four is complete. You are a Sentence Star.","Tapos na ang ikaapat na aralin. Isa ka nang Sentence Star.",code_switch_target,approved,"Approved by the product owner on 2026-08-08. Preserve the English literacy target."
lesson-5-mission-1,lesson-5,instruction,lessons/lesson-5/mission-1/lesson-5-mission-1.wav,"Read the passage from beginning to end. Take your time and say every word.","Basahin ang teksto mula simula hanggang wakas. Huwag magmadali at sabihin ang bawat salita.",translate,approved,"Approved by the product owner on 2026-08-08 for natural child-directed Filipino."
lesson-5-complete,lesson-5,result,lessons/lesson-5/completion/lesson-5-complete.wav,"Lesson five is complete. You are a Passage Explorer.","Tapos na ang ikalimang aralin. Isa ka nang Passage Explorer.",code_switch_target,approved,"Approved by the product owner on 2026-08-08. Preserve the English literacy target."
assessment-orientation,assessments,instruction,part-1/orientation/assessment-orientation.wav,"Let us check your microphone. Say ready, then listen to your recording.","Suriin natin ang iyong mikropono. Sabihin ang ready, saka pakinggan ang iyong recording.",translate,approved,"Approved by the product owner on 2026-08-08 for natural child-directed Filipino."
assessment-letters,assessments,instruction,part-1/task-1a/assessment-letters.wav,"Say the letter you see. Listen to your voice before you submit.","Sabihin ang letrang nakikita mo. Pakinggan ang iyong boses bago isumite.",translate,approved,"Approved by the product owner on 2026-08-08 for natural child-directed Filipino."
assessment-rhymes,assessments,question,part-1/task-2a/assessment-rhymes.wav,"Look at both words. Choose yes if they rhyme, or no if they do not.","Tingnan ang dalawang salita. Piliin ang yes kung magkatugma ang tunog, o no kung hindi.",translate,approved,"Approved by the product owner on 2026-08-08 for natural child-directed Filipino."
assessment-words,assessments,instruction,part-1/task-2b/assessment-words.wav,"Read the word you see. Listen to your voice before you submit.","Basahin ang salitang nakikita mo. Pakinggan ang iyong boses bago isumite.",translate,approved,"Approved by the product owner on 2026-08-08 for natural child-directed Filipino."
assessment-part-one-result,assessments,result,part-1/results/assessment-part-one-result.wav,"Part one is complete. You worked hard, and I am proud of you.","Tapos na ang unang bahagi. Nagsikap ka, at ipinagmamalaki kita.",translate,approved,"Approved by the product owner on 2026-08-08 for natural child-directed Filipino."
assessment-story-choice,assessments,question,part-2/story-choice/assessment-story-choice.wav,"Choose the story you want to read. You can pick Lena at the Park or Rosa in the Garden.","Piliin ang kuwentong gusto mong basahin. Maaari mong piliin ang Lena at the Park o Rosa in the Garden.",code_switch_target,approved,"Approved by the product owner on 2026-08-08. Preserve the English literacy target."
assessment-passage,assessments,instruction,part-2/passage/assessment-passage.wav,"Read the story aloud. You have one minute. You can submit when you finish.","Basahin nang malakas ang kuwento. Mayroon kang isang minuto. Maaari mo itong isumite kapag tapos ka na.",translate,approved,"Approved by the product owner on 2026-08-08 for natural child-directed Filipino."
assessment-comprehension-lena-item-1,assessments,question,part-2/comprehension/assessment-comprehension-lena-item-1.wav,"Choose the best answer. Who goes to the park?","Piliin ang pinakamahusay na sagot. Sino ang pumupunta sa parke?",academic_review,approved,"Approved by the product owner on 2026-08-08, including academic-content review."
assessment-comprehension-lena-item-2,assessments,question,part-2/comprehension/assessment-comprehension-lena-item-2.wav,"What does Lena take?","Ano ang dinadala ni Lena?",academic_review,approved,"Approved by the product owner on 2026-08-08, including academic-content review."
assessment-comprehension-lena-item-3,assessments,question,part-2/comprehension/assessment-comprehension-lena-item-3.wav,"Where does Lena go?","Saan pumupunta si Lena?",academic_review,approved,"Approved by the product owner on 2026-08-08, including academic-content review."
assessment-comprehension-lena-item-4,assessments,question,part-2/comprehension/assessment-comprehension-lena-item-4.wav,"When does Lena go to the park?","Kailan pumupunta si Lena sa parke?",academic_review,approved,"Approved by the product owner on 2026-08-08, including academic-content review."
assessment-comprehension-lena-item-5,assessments,question,part-2/comprehension/assessment-comprehension-lena-item-5.wav,"Why does Lena go to the park?","Bakit pumupunta si Lena sa parke?",academic_review,approved,"Approved by the product owner on 2026-08-08, including academic-content review."
assessment-comprehension-rosa-item-1,assessments,question,part-2/comprehension/assessment-comprehension-rosa-item-1.wav,"Choose the best answer. Who goes to the garden?","Piliin ang pinakamahusay na sagot. Sino ang pumupunta sa hardin?",academic_review,approved,"Approved by the product owner on 2026-08-08, including academic-content review."
assessment-comprehension-rosa-item-2,assessments,question,part-2/comprehension/assessment-comprehension-rosa-item-2.wav,"What does Rosa pick?","Ano ang pinipitas ni Rosa?",academic_review,approved,"Approved by the product owner on 2026-08-08, including academic-content review."
assessment-comprehension-rosa-item-3,assessments,question,part-2/comprehension/assessment-comprehension-rosa-item-3.wav,"Where does Rosa go?","Saan pumupunta si Rosa?",academic_review,approved,"Approved by the product owner on 2026-08-08, including academic-content review."
assessment-comprehension-rosa-item-4,assessments,question,part-2/comprehension/assessment-comprehension-rosa-item-4.wav,"When does Rosa go to the garden?","Kailan pumupunta si Rosa sa hardin?",academic_review,approved,"Approved by the product owner on 2026-08-08, including academic-content review."
assessment-comprehension-rosa-item-5,assessments,question,part-2/comprehension/assessment-comprehension-rosa-item-5.wav,"Why does Rosa go to the garden?","Bakit pumupunta si Rosa sa hardin?",academic_review,approved,"Approved by the product owner on 2026-08-08, including academic-content review."
assessment-part-two-result,assessments,result,part-2/results/assessment-part-two-result.wav,"Part two is complete. You finished reading and understanding the story.","Tapos na ang ikalawang bahagi. Natapos mong basahin at unawain ang kuwento.",translate,approved,"Approved by the product owner on 2026-08-08 for natural child-directed Filipino."
assessment-complete,assessments,result,completion/assessment-complete.wav,"Assessment complete. Your first lesson is ready.","Tapos na ang assessment. Handa na ang una mong aralin.",translate,approved,"Approved by the product owner on 2026-08-08 for natural child-directed Filipino."
assessment-final-complete,assessments,result,completion/assessment-final-complete.wav,"You finished your Reading Journey. I am proud of how much you learned.","Natapos mo ang iyong Reading Journey. Ipinagmamalaki ko ang lahat ng natutuhan mo.",translate,approved,"Approved by the product owner on 2026-08-08 for natural child-directed Filipino."
lesson-1-mission-1-item-2,lesson-1,instruction,lessons/lesson-1/mission-1/lesson-1-mission-1-item-2.wav,"Now, try the second letter.","Ngayon, subukan ang ikalawang letra.",translate,approved,"Approved by the product owner on 2026-08-08 for natural child-directed Filipino."
lesson-1-mission-1-item-3,lesson-1,instruction,lessons/lesson-1/mission-1/lesson-1-mission-1-item-3.wav,"Now, try the third letter.","Ngayon, subukan ang ikatlong letra.",translate,approved,"Approved by the product owner on 2026-08-08 for natural child-directed Filipino."
lesson-1-mission-1-item-4,lesson-1,instruction,lessons/lesson-1/mission-1/lesson-1-mission-1-item-4.wav,"Now, try the fourth letter.","Ngayon, subukan ang ikaapat letra.",translate,approved,"Approved by the product owner on 2026-08-08 for natural child-directed Filipino."
lesson-1-mission-1-item-5,lesson-1,instruction,lessons/lesson-1/mission-1/lesson-1-mission-1-item-5.wav,"Now, try the fifth letter.","Ngayon, subukan ang ikalimang letra.",translate,approved,"Approved by the product owner on 2026-08-08 for natural child-directed Filipino."
lesson-1-mission-2-item-2,lesson-1,instruction,lessons/lesson-1/mission-2/lesson-1-mission-2-item-2.wav,"Now, find the first letter in the second word.","Ngayon, hanapin ang unang letra sa ikalawang salita.",translate,approved,"Approved by the product owner on 2026-08-08 for natural child-directed Filipino."
lesson-1-mission-2-item-3,lesson-1,instruction,lessons/lesson-1/mission-2/lesson-1-mission-2-item-3.wav,"Now, find the first letter in the third word.","Ngayon, hanapin ang unang letra sa ikatlong salita.",translate,approved,"Approved by the product owner on 2026-08-08 for natural child-directed Filipino."
lesson-1-mission-2-item-4,lesson-1,instruction,lessons/lesson-1/mission-2/lesson-1-mission-2-item-4.wav,"Now, find the first letter in the fourth word.","Ngayon, hanapin ang unang letra sa ikaapat salita.",translate,approved,"Approved by the product owner on 2026-08-08 for natural child-directed Filipino."
lesson-1-mission-2-item-5,lesson-1,instruction,lessons/lesson-1/mission-2/lesson-1-mission-2-item-5.wav,"Now, find the first letter in the fifth word.","Ngayon, hanapin ang unang letra sa ikalimang salita.",translate,approved,"Approved by the product owner on 2026-08-08 for natural child-directed Filipino."
lesson-1-mission-3-item-2,lesson-1,instruction,lessons/lesson-1/mission-3/lesson-1-mission-3-item-2.wav,"Now, complete the second word.","Ngayon, kumpletuhin ang ikalawang salita.",translate,approved,"Approved by the product owner on 2026-08-08 for natural child-directed Filipino."
lesson-1-mission-3-item-3,lesson-1,instruction,lessons/lesson-1/mission-3/lesson-1-mission-3-item-3.wav,"Now, complete the third word.","Ngayon, kumpletuhin ang ikatlong salita.",translate,approved,"Approved by the product owner on 2026-08-08 for natural child-directed Filipino."
lesson-1-mission-3-item-4,lesson-1,instruction,lessons/lesson-1/mission-3/lesson-1-mission-3-item-4.wav,"Now, complete the fourth word.","Ngayon, kumpletuhin ang ikaapat salita.",translate,approved,"Approved by the product owner on 2026-08-08 for natural child-directed Filipino."
lesson-1-mission-3-item-5,lesson-1,instruction,lessons/lesson-1/mission-3/lesson-1-mission-3-item-5.wav,"Now, complete the fifth word.","Ngayon, kumpletuhin ang ikalimang salita.",translate,approved,"Approved by the product owner on 2026-08-08 for natural child-directed Filipino."
lesson-1-technical-retry,lesson-1,instruction,lessons/lesson-1/support/technical/lesson-1-technical-retry.wav,"I could not hear that clearly. Let us try once more.","Hindi ko iyon narinig nang malinaw. Subukan natin muli.",translate,approved,"Approved by the product owner on 2026-08-08 for natural child-directed Filipino."
lesson-1-clue-mission-1,lesson-1,instruction,lessons/lesson-1/support/clues/lesson-1-clue-mission-1.wav,"Look at the big letter and the small letter. They share one letter name.","Tingnan ang malaking letra at maliit na letra. Iisa ang pangalan ng mga ito.",translate,approved,"Approved by the product owner on 2026-08-08 for natural child-directed Filipino."
lesson-1-clue-mission-2,lesson-1,instruction,lessons/lesson-1/support/clues/lesson-1-clue-mission-2.wav,"Look at the very first letter in the word. Say only that letter name.","Tingnan ang pinakaunang letra ng salita. Pangalan lamang ng letrang iyon ang sabihin.",translate,approved,"Approved by the product owner on 2026-08-08 for natural child-directed Filipino."
lesson-1-clue-mission-3,lesson-1,instruction,lessons/lesson-1/support/clues/lesson-1-clue-mission-3.wav,"Look at the blank at the start. Say the letter that completes the word.","Tingnan ang patlang sa unahan. Sabihin ang letrang kukumpleto sa salita.",translate,approved,"Approved by the product owner on 2026-08-08 for natural child-directed Filipino."
lesson-1-feedback-independent,lesson-1,result,lessons/lesson-1/support/feedback/lesson-1-feedback-independent.wav,"That is correct. You found it by yourself.","Tama. Nahanap mo ito nang mag-isa.",translate,approved,"Approved by the product owner on 2026-08-08 for natural child-directed Filipino."
lesson-1-feedback-supported,lesson-1,result,lessons/lesson-1/support/feedback/lesson-1-feedback-supported.wav,"That is correct. The clue helped you find it.","Tama. Nakatulong ang clue para mahanap mo ito.",translate,approved,"Approved by the product owner on 2026-08-08 for natural child-directed Filipino."
lesson-1-feedback-demonstrated,lesson-1,result,lessons/lesson-1/support/feedback/lesson-1-feedback-demonstrated.wav,"That is correct. You said the letter correctly with me.","Tama. Nasabi mo nang tama ang letra kasabay ko.",translate,approved,"Approved by the product owner on 2026-08-08 for natural child-directed Filipino."
lesson-1-feedback-not-yet,lesson-1,result,lessons/lesson-1/support/feedback/lesson-1-feedback-not-yet.wav,"Not yet, and that is okay. We will practice this letter again.","Hindi pa, at ayos lang iyon. Magsanay tayong muli sa letrang ito.",translate,approved,"Approved by the product owner on 2026-08-08 for natural child-directed Filipino."
lesson-1-feedback-unscorable,lesson-1,result,lessons/lesson-1/support/feedback/lesson-1-feedback-unscorable.wav,"I still could not hear a clear answer. We can try this letter again later.","Hindi pa rin ako nakarinig ng malinaw na sagot. Maaari nating balikan ang letrang ito mamaya.",translate,approved,"Approved by the product owner on 2026-08-08 for natural child-directed Filipino."
lesson-1-feedback-incorrect-first,lesson-1,result,lessons/lesson-1/support/feedback/lesson-1-feedback-incorrect-first.wav,"That letter was not quite right. Let us try again.","Hindi pa gaanong tama ang letrang iyon. Subukan natin muli.",translate,approved,"Approved by the product owner on 2026-08-08 for natural child-directed Filipino."
lesson-1-letter-demo-A,lesson-1,instruction,lessons/lesson-1/support/demonstrations/lesson-1-letter-demo-A.wav,"The letter name is ei. Listen: ei. Now you try.","Ang pangalan ng letra ay ei. Makinig: ei. Ngayon, ikaw naman.",code_switch_target,approved,"Approved by the product owner on 2026-08-08. Preserve the English literacy target."
lesson-1-letter-demo-B,lesson-1,instruction,lessons/lesson-1/support/demonstrations/lesson-1-letter-demo-B.wav,"The letter name is bee. Listen: bee. Now you try.","Ang pangalan ng letra ay bee. Makinig: bee. Ngayon, ikaw naman.",code_switch_target,approved,"Approved by the product owner on 2026-08-08. Preserve the English literacy target."
lesson-1-letter-demo-C,lesson-1,instruction,lessons/lesson-1/support/demonstrations/lesson-1-letter-demo-C.wav,"The letter name is see. Listen: see. Now you try.","Ang pangalan ng letra ay see. Makinig: see. Ngayon, ikaw naman.",code_switch_target,approved,"Approved by the product owner on 2026-08-08. Preserve the English literacy target."
lesson-1-letter-demo-D,lesson-1,instruction,lessons/lesson-1/support/demonstrations/lesson-1-letter-demo-D.wav,"The letter name is dee. Listen: dee. Now you try.","Ang pangalan ng letra ay dee. Makinig: dee. Ngayon, ikaw naman.",code_switch_target,approved,"Approved by the product owner on 2026-08-08. Preserve the English literacy target."
lesson-1-letter-demo-E,lesson-1,instruction,lessons/lesson-1/support/demonstrations/lesson-1-letter-demo-E.wav,"The letter name is ee. Listen: ee. Now you try.","Ang pangalan ng letra ay ee. Makinig: ee. Ngayon, ikaw naman.",code_switch_target,approved,"Approved by the product owner on 2026-08-08. Preserve the English literacy target."
lesson-1-letter-demo-F,lesson-1,instruction,lessons/lesson-1/support/demonstrations/lesson-1-letter-demo-F.wav,"The letter name is eff. Listen: eff. Now you try.","Ang pangalan ng letra ay eff. Makinig: eff. Ngayon, ikaw naman.",code_switch_target,approved,"Approved by the product owner on 2026-08-08. Preserve the English literacy target."
lesson-1-letter-demo-G,lesson-1,instruction,lessons/lesson-1/support/demonstrations/lesson-1-letter-demo-G.wav,"The letter name is gee. Listen: gee. Now you try.","Ang pangalan ng letra ay gee. Makinig: gee. Ngayon, ikaw naman.",code_switch_target,approved,"Approved by the product owner on 2026-08-08. Preserve the English literacy target."
lesson-1-letter-demo-H,lesson-1,instruction,lessons/lesson-1/support/demonstrations/lesson-1-letter-demo-H.wav,"The letter name is aitch. Listen: aitch. Now you try.","Ang pangalan ng letra ay aitch. Makinig: aitch. Ngayon, ikaw naman.",code_switch_target,approved,"Approved by the product owner on 2026-08-08. Preserve the English literacy target."
lesson-1-letter-demo-I,lesson-1,instruction,lessons/lesson-1/support/demonstrations/lesson-1-letter-demo-I.wav,"The letter name is eye. Listen: eye. Now you try.","Ang pangalan ng letra ay eye. Makinig: eye. Ngayon, ikaw naman.",code_switch_target,approved,"Approved by the product owner on 2026-08-08. Preserve the English literacy target."
lesson-1-letter-demo-J,lesson-1,instruction,lessons/lesson-1/support/demonstrations/lesson-1-letter-demo-J.wav,"The letter name is jay. Listen: jay. Now you try.","Ang pangalan ng letra ay jay. Makinig: jay. Ngayon, ikaw naman.",code_switch_target,approved,"Approved by the product owner on 2026-08-08. Preserve the English literacy target."
lesson-1-letter-demo-K,lesson-1,instruction,lessons/lesson-1/support/demonstrations/lesson-1-letter-demo-K.wav,"The letter name is kei. Listen: kei. Now you try.","Ang pangalan ng letra ay kei. Makinig: kei. Ngayon, ikaw naman.",code_switch_target,approved,"Approved by the product owner on 2026-08-08. Preserve the English literacy target."
lesson-1-letter-demo-L,lesson-1,instruction,lessons/lesson-1/support/demonstrations/lesson-1-letter-demo-L.wav,"The letter name is el. Listen: el. Now you try.","Ang pangalan ng letra ay el. Makinig: el. Ngayon, ikaw naman.",code_switch_target,approved,"Approved by the product owner on 2026-08-08. Preserve the English literacy target."
lesson-1-letter-demo-M,lesson-1,instruction,lessons/lesson-1/support/demonstrations/lesson-1-letter-demo-M.wav,"The letter name is em. Listen: em. Now you try.","Ang pangalan ng letra ay em. Makinig: em. Ngayon, ikaw naman.",code_switch_target,approved,"Approved by the product owner on 2026-08-08. Preserve the English literacy target."
lesson-1-letter-demo-N,lesson-1,instruction,lessons/lesson-1/support/demonstrations/lesson-1-letter-demo-N.wav,"The letter name is en. Listen: en. Now you try.","Ang pangalan ng letra ay en. Makinig: en. Ngayon, ikaw naman.",code_switch_target,approved,"Approved by the product owner on 2026-08-08. Preserve the English literacy target."
lesson-1-letter-demo-O,lesson-1,instruction,lessons/lesson-1/support/demonstrations/lesson-1-letter-demo-O.wav,"The letter name is oh. Listen: oh. Now you try.","Ang pangalan ng letra ay oh. Makinig: oh. Ngayon, ikaw naman.",code_switch_target,approved,"Approved by the product owner on 2026-08-08. Preserve the English literacy target."
lesson-1-letter-demo-P,lesson-1,instruction,lessons/lesson-1/support/demonstrations/lesson-1-letter-demo-P.wav,"The letter name is pee. Listen: pee. Now you try.","Ang pangalan ng letra ay pee. Makinig: pee. Ngayon, ikaw naman.",code_switch_target,approved,"Approved by the product owner on 2026-08-08. Preserve the English literacy target."
lesson-1-letter-demo-Q,lesson-1,instruction,lessons/lesson-1/support/demonstrations/lesson-1-letter-demo-Q.wav,"The letter name is cue. Listen: cue. Now you try.","Ang pangalan ng letra ay cue. Makinig: cue. Ngayon, ikaw naman.",code_switch_target,approved,"Approved by the product owner on 2026-08-08. Preserve the English literacy target."
lesson-1-letter-demo-R,lesson-1,instruction,lessons/lesson-1/support/demonstrations/lesson-1-letter-demo-R.wav,"The letter name is ar. Listen: ar. Now you try.","Ang pangalan ng letra ay ar. Makinig: ar. Ngayon, ikaw naman.",code_switch_target,approved,"Approved by the product owner on 2026-08-08. Preserve the English literacy target."
lesson-1-letter-demo-S,lesson-1,instruction,lessons/lesson-1/support/demonstrations/lesson-1-letter-demo-S.wav,"The letter name is ess. Listen: ess. Now you try.","Ang pangalan ng letra ay ess. Makinig: ess. Ngayon, ikaw naman.",code_switch_target,approved,"Approved by the product owner on 2026-08-08. Preserve the English literacy target."
lesson-1-letter-demo-T,lesson-1,instruction,lessons/lesson-1/support/demonstrations/lesson-1-letter-demo-T.wav,"The letter name is tee. Listen: tee. Now you try.","Ang pangalan ng letra ay tee. Makinig: tee. Ngayon, ikaw naman.",code_switch_target,approved,"Approved by the product owner on 2026-08-08. Preserve the English literacy target."
lesson-1-letter-demo-U,lesson-1,instruction,lessons/lesson-1/support/demonstrations/lesson-1-letter-demo-U.wav,"The letter name is you. Listen: you. Now you try.","Ang pangalan ng letra ay you. Makinig: you. Ngayon, ikaw naman.",code_switch_target,approved,"Approved by the product owner on 2026-08-08. Preserve the English literacy target."
lesson-1-letter-demo-V,lesson-1,instruction,lessons/lesson-1/support/demonstrations/lesson-1-letter-demo-V.wav,"The letter name is vee. Listen: vee. Now you try.","Ang pangalan ng letra ay vee. Makinig: vee. Ngayon, ikaw naman.",code_switch_target,approved,"Approved by the product owner on 2026-08-08. Preserve the English literacy target."
lesson-1-letter-demo-W,lesson-1,instruction,lessons/lesson-1/support/demonstrations/lesson-1-letter-demo-W.wav,"The letter name is double you. Listen: double you. Now you try.","Ang pangalan ng letra ay double you. Makinig: double you. Ngayon, ikaw naman.",code_switch_target,approved,"Approved by the product owner on 2026-08-08. Preserve the English literacy target."
lesson-1-letter-demo-X,lesson-1,instruction,lessons/lesson-1/support/demonstrations/lesson-1-letter-demo-X.wav,"The letter name is ex. Listen: ex. Now you try.","Ang pangalan ng letra ay ex. Makinig: ex. Ngayon, ikaw naman.",code_switch_target,approved,"Approved by the product owner on 2026-08-08. Preserve the English literacy target."
lesson-1-letter-demo-Y,lesson-1,instruction,lessons/lesson-1/support/demonstrations/lesson-1-letter-demo-Y.wav,"The letter name is why. Listen: why. Now you try.","Ang pangalan ng letra ay why. Makinig: why. Ngayon, ikaw naman.",code_switch_target,approved,"Approved by the product owner on 2026-08-08. Preserve the English literacy target."
lesson-1-letter-demo-Z,lesson-1,instruction,lessons/lesson-1/support/demonstrations/lesson-1-letter-demo-Z.wav,"The letter name is zee. Listen: zee. Now you try.","Ang pangalan ng letra ay zee. Makinig: zee. Ngayon, ikaw naman.",code_switch_target,approved,"Approved by the product owner on 2026-08-08. Preserve the English literacy target."
lesson-2-mission-1-item-2,lesson-2,instruction,lessons/lesson-2/mission-1/lesson-2-mission-1-item-2.wav,"Now, read the second word.","Ngayon, basahin ang ikalawang salita.",translate,approved,"Approved by the product owner on 2026-08-08 for natural child-directed Filipino."
lesson-2-mission-1-item-3,lesson-2,instruction,lessons/lesson-2/mission-1/lesson-2-mission-1-item-3.wav,"Now, read the third word.","Ngayon, basahin ang ikatlong salita.",translate,approved,"Approved by the product owner on 2026-08-08 for natural child-directed Filipino."
lesson-2-mission-1-item-4,lesson-2,instruction,lessons/lesson-2/mission-1/lesson-2-mission-1-item-4.wav,"Now, read the fourth word.","Ngayon, basahin ang ikaapat salita.",translate,approved,"Approved by the product owner on 2026-08-08 for natural child-directed Filipino."
lesson-2-mission-1-item-5,lesson-2,instruction,lessons/lesson-2/mission-1/lesson-2-mission-1-item-5.wav,"Now, read the fifth word.","Ngayon, basahin ang ikalimang salita.",translate,approved,"Approved by the product owner on 2026-08-08 for natural child-directed Filipino."
lesson-2-mission-2-item-2,lesson-2,instruction,lessons/lesson-2/mission-2/lesson-2-mission-2-item-2.wav,"Now, find and read the second highlighted word.","Ngayon, hanapin at basahin ang ikalawang salitang naka-highlight.",translate,approved,"Approved by the product owner on 2026-08-08 for natural child-directed Filipino."
lesson-2-mission-2-item-3,lesson-2,instruction,lessons/lesson-2/mission-2/lesson-2-mission-2-item-3.wav,"Now, find and read the third highlighted word.","Ngayon, hanapin at basahin ang ikatlong salitang naka-highlight.",translate,approved,"Approved by the product owner on 2026-08-08 for natural child-directed Filipino."
lesson-2-mission-2-item-4,lesson-2,instruction,lessons/lesson-2/mission-2/lesson-2-mission-2-item-4.wav,"Now, find and read the fourth highlighted word.","Ngayon, hanapin at basahin ang ikaapat salitang naka-highlight.",translate,approved,"Approved by the product owner on 2026-08-08 for natural child-directed Filipino."
lesson-2-mission-2-item-5,lesson-2,instruction,lessons/lesson-2/mission-2/lesson-2-mission-2-item-5.wav,"Now, find and read the fifth highlighted word.","Ngayon, hanapin at basahin ang ikalimang salitang naka-highlight.",translate,approved,"Approved by the product owner on 2026-08-08 for natural child-directed Filipino."
lesson-2-technical-retry,lesson-2,instruction,lessons/lesson-2/support/technical/lesson-2-technical-retry.wav,"I could not hear that clearly. Let us try the word once more.","Hindi ko iyon narinig nang malinaw. Subukan nating muli ang salita.",translate,approved,"Approved by the product owner on 2026-08-08 for natural child-directed Filipino."
lesson-2-clue-mission-1,lesson-2,instruction,lessons/lesson-2/support/clues/lesson-2-clue-mission-1.wav,"Look at each letter from left to right. Blend the sounds, then say the whole word.","Tingnan ang bawat letra mula kaliwa pakanan. Pagsamahin ang mga tunog, saka sabihin ang buong salita.",translate,approved,"Approved by the product owner on 2026-08-08 for natural child-directed Filipino."
lesson-2-clue-mission-2,lesson-2,instruction,lessons/lesson-2/support/clues/lesson-2-clue-mission-2.wav,"Look at the highlighted word in the sentence. Say only that word.","Tingnan ang salitang naka-highlight sa pangungusap. Ang salitang iyon lamang ang sabihin.",translate,approved,"Approved by the product owner on 2026-08-08 for natural child-directed Filipino."
lesson-2-feedback-independent,lesson-2,result,lessons/lesson-2/support/feedback/lesson-2-feedback-independent.wav,"That is correct. You read the word by yourself.","Tama. Nabasa mo ang salita nang mag-isa.",translate,approved,"Approved by the product owner on 2026-08-08 for natural child-directed Filipino."
lesson-2-feedback-supported,lesson-2,result,lessons/lesson-2/support/feedback/lesson-2-feedback-supported.wav,"That is correct. The clue helped you read the word.","Tama. Nakatulong ang clue para mabasa mo ang salita.",translate,approved,"Approved by the product owner on 2026-08-08 for natural child-directed Filipino."
lesson-2-feedback-demonstrated,lesson-2,result,lessons/lesson-2/support/feedback/lesson-2-feedback-demonstrated.wav,"That is correct. You read the word correctly with me.","Tama. Nabasa mo nang tama ang salita kasabay ko.",translate,approved,"Approved by the product owner on 2026-08-08 for natural child-directed Filipino."
lesson-2-feedback-not-yet,lesson-2,result,lessons/lesson-2/support/feedback/lesson-2-feedback-not-yet.wav,"Not yet, and that is okay. We will practice this word again.","Hindi pa, at ayos lang iyon. Magsanay tayong muli sa salitang ito.",translate,approved,"Approved by the product owner on 2026-08-08 for natural child-directed Filipino."
lesson-2-feedback-unscorable,lesson-2,result,lessons/lesson-2/support/feedback/lesson-2-feedback-unscorable.wav,"I still could not hear a clear answer. We can try this word again later.","Hindi pa rin ako nakarinig ng malinaw na sagot. Maaari nating balikan ang salitang ito mamaya.",translate,approved,"Approved by the product owner on 2026-08-08 for natural child-directed Filipino."
lesson-2-feedback-incorrect-first,lesson-2,result,lessons/lesson-2/support/feedback/lesson-2-feedback-incorrect-first.wav,"That word was not quite right. Let us try again.","Hindi pa gaanong tama ang salitang iyon. Subukan natin muli.",translate,approved,"Approved by the product owner on 2026-08-08 for natural child-directed Filipino."
lesson-2-word-demo-bag,lesson-2,instruction,lessons/lesson-2/support/demonstrations/lesson-2-word-demo-bag.wav,"The word is bag. Listen: bag. Now you try.","Ang salita ay bag. Makinig: bag. Ngayon, ikaw naman.",code_switch_target,approved,"Approved by the product owner on 2026-08-08. Preserve the English literacy target."
lesson-2-word-demo-bat,lesson-2,instruction,lessons/lesson-2/support/demonstrations/lesson-2-word-demo-bat.wav,"The word is bat. Listen: bat. Now you try.","Ang salita ay bat. Makinig: bat. Ngayon, ikaw naman.",code_switch_target,approved,"Approved by the product owner on 2026-08-08. Preserve the English literacy target."
lesson-2-word-demo-bed,lesson-2,instruction,lessons/lesson-2/support/demonstrations/lesson-2-word-demo-bed.wav,"The word is bed. Listen: bed. Now you try.","Ang salita ay bed. Makinig: bed. Ngayon, ikaw naman.",code_switch_target,approved,"Approved by the product owner on 2026-08-08. Preserve the English literacy target."
lesson-2-word-demo-big,lesson-2,instruction,lessons/lesson-2/support/demonstrations/lesson-2-word-demo-big.wav,"The word is big. Listen: big. Now you try.","Ang salita ay big. Makinig: big. Ngayon, ikaw naman.",code_switch_target,approved,"Approved by the product owner on 2026-08-08. Preserve the English literacy target."
lesson-2-word-demo-bun,lesson-2,instruction,lessons/lesson-2/support/demonstrations/lesson-2-word-demo-bun.wav,"The word is bun. Listen: bun. Now you try.","Ang salita ay bun. Makinig: bun. Ngayon, ikaw naman.",code_switch_target,approved,"Approved by the product owner on 2026-08-08. Preserve the English literacy target."
lesson-2-word-demo-can,lesson-2,instruction,lessons/lesson-2/support/demonstrations/lesson-2-word-demo-can.wav,"The word is can. Listen: can. Now you try.","Ang salita ay can. Makinig: can. Ngayon, ikaw naman.",code_switch_target,approved,"Approved by the product owner on 2026-08-08. Preserve the English literacy target."
lesson-2-word-demo-cap,lesson-2,instruction,lessons/lesson-2/support/demonstrations/lesson-2-word-demo-cap.wav,"The word is cap. Listen: cap. Now you try.","Ang salita ay cap. Makinig: cap. Ngayon, ikaw naman.",code_switch_target,approved,"Approved by the product owner on 2026-08-08. Preserve the English literacy target."
lesson-2-word-demo-cat,lesson-2,instruction,lessons/lesson-2/support/demonstrations/lesson-2-word-demo-cat.wav,"The word is cat. Listen: cat. Now you try.","Ang salita ay cat. Makinig: cat. Ngayon, ikaw naman.",code_switch_target,approved,"Approved by the product owner on 2026-08-08. Preserve the English literacy target."
lesson-2-word-demo-cut,lesson-2,instruction,lessons/lesson-2/support/demonstrations/lesson-2-word-demo-cut.wav,"The word is cut. Listen: cut. Now you try.","Ang salita ay cut. Makinig: cut. Ngayon, ikaw naman.",code_switch_target,approved,"Approved by the product owner on 2026-08-08. Preserve the English literacy target."
lesson-2-word-demo-dad,lesson-2,instruction,lessons/lesson-2/support/demonstrations/lesson-2-word-demo-dad.wav,"The word is dad. Listen: dad. Now you try.","Ang salita ay dad. Makinig: dad. Ngayon, ikaw naman.",code_switch_target,approved,"Approved by the product owner on 2026-08-08. Preserve the English literacy target."
lesson-2-word-demo-den,lesson-2,instruction,lessons/lesson-2/support/demonstrations/lesson-2-word-demo-den.wav,"The word is den. Listen: den. Now you try.","Ang salita ay den. Makinig: den. Ngayon, ikaw naman.",code_switch_target,approved,"Approved by the product owner on 2026-08-08. Preserve the English literacy target."
lesson-2-word-demo-dig,lesson-2,instruction,lessons/lesson-2/support/demonstrations/lesson-2-word-demo-dig.wav,"The word is dig. Listen: dig. Now you try.","Ang salita ay dig. Makinig: dig. Ngayon, ikaw naman.",code_switch_target,approved,"Approved by the product owner on 2026-08-08. Preserve the English literacy target."
lesson-2-word-demo-dog,lesson-2,instruction,lessons/lesson-2/support/demonstrations/lesson-2-word-demo-dog.wav,"The word is dog. Listen: dog. Now you try.","Ang salita ay dog. Makinig: dog. Ngayon, ikaw naman.",code_switch_target,approved,"Approved by the product owner on 2026-08-08. Preserve the English literacy target."
lesson-2-word-demo-dot,lesson-2,instruction,lessons/lesson-2/support/demonstrations/lesson-2-word-demo-dot.wav,"The word is dot. Listen: dot. Now you try.","Ang salita ay dot. Makinig: dot. Ngayon, ikaw naman.",code_switch_target,approved,"Approved by the product owner on 2026-08-08. Preserve the English literacy target."
lesson-2-word-demo-fan,lesson-2,instruction,lessons/lesson-2/support/demonstrations/lesson-2-word-demo-fan.wav,"The word is fan. Listen: fan. Now you try.","Ang salita ay fan. Makinig: fan. Ngayon, ikaw naman.",code_switch_target,approved,"Approved by the product owner on 2026-08-08. Preserve the English literacy target."
lesson-2-word-demo-fat,lesson-2,instruction,lessons/lesson-2/support/demonstrations/lesson-2-word-demo-fat.wav,"The word is fat. Listen: fat. Now you try.","Ang salita ay fat. Makinig: fat. Ngayon, ikaw naman.",code_switch_target,approved,"Approved by the product owner on 2026-08-08. Preserve the English literacy target."
lesson-2-word-demo-fin,lesson-2,instruction,lessons/lesson-2/support/demonstrations/lesson-2-word-demo-fin.wav,"The word is fin. Listen: fin. Now you try.","Ang salita ay fin. Makinig: fin. Ngayon, ikaw naman.",code_switch_target,approved,"Approved by the product owner on 2026-08-08. Preserve the English literacy target."
lesson-2-word-demo-fit,lesson-2,instruction,lessons/lesson-2/support/demonstrations/lesson-2-word-demo-fit.wav,"The word is fit. Listen: fit. Now you try.","Ang salita ay fit. Makinig: fit. Ngayon, ikaw naman.",code_switch_target,approved,"Approved by the product owner on 2026-08-08. Preserve the English literacy target."
lesson-2-word-demo-fun,lesson-2,instruction,lessons/lesson-2/support/demonstrations/lesson-2-word-demo-fun.wav,"The word is fun. Listen: fun. Now you try.","Ang salita ay fun. Makinig: fun. Ngayon, ikaw naman.",code_switch_target,approved,"Approved by the product owner on 2026-08-08. Preserve the English literacy target."
lesson-2-word-demo-gap,lesson-2,instruction,lessons/lesson-2/support/demonstrations/lesson-2-word-demo-gap.wav,"The word is gap. Listen: gap. Now you try.","Ang salita ay gap. Makinig: gap. Ngayon, ikaw naman.",code_switch_target,approved,"Approved by the product owner on 2026-08-08. Preserve the English literacy target."
lesson-2-word-demo-gas,lesson-2,instruction,lessons/lesson-2/support/demonstrations/lesson-2-word-demo-gas.wav,"The word is gas. Listen: gas. Now you try.","Ang salita ay gas. Makinig: gas. Ngayon, ikaw naman.",code_switch_target,approved,"Approved by the product owner on 2026-08-08. Preserve the English literacy target."
lesson-2-word-demo-get,lesson-2,instruction,lessons/lesson-2/support/demonstrations/lesson-2-word-demo-get.wav,"The word is get. Listen: get. Now you try.","Ang salita ay get. Makinig: get. Ngayon, ikaw naman.",code_switch_target,approved,"Approved by the product owner on 2026-08-08. Preserve the English literacy target."
lesson-2-word-demo-got,lesson-2,instruction,lessons/lesson-2/support/demonstrations/lesson-2-word-demo-got.wav,"The word is got. Listen: got. Now you try.","Ang salita ay got. Makinig: got. Ngayon, ikaw naman.",code_switch_target,approved,"Approved by the product owner on 2026-08-08. Preserve the English literacy target."
lesson-2-word-demo-gum,lesson-2,instruction,lessons/lesson-2/support/demonstrations/lesson-2-word-demo-gum.wav,"The word is gum. Listen: gum. Now you try.","Ang salita ay gum. Makinig: gum. Ngayon, ikaw naman.",code_switch_target,approved,"Approved by the product owner on 2026-08-08. Preserve the English literacy target."
lesson-2-word-demo-ham,lesson-2,instruction,lessons/lesson-2/support/demonstrations/lesson-2-word-demo-ham.wav,"The word is ham. Listen: ham. Now you try.","Ang salita ay ham. Makinig: ham. Ngayon, ikaw naman.",code_switch_target,approved,"Approved by the product owner on 2026-08-08. Preserve the English literacy target."
lesson-2-word-demo-hat,lesson-2,instruction,lessons/lesson-2/support/demonstrations/lesson-2-word-demo-hat.wav,"The word is hat. Listen: hat. Now you try.","Ang salita ay hat. Makinig: hat. Ngayon, ikaw naman.",code_switch_target,approved,"Approved by the product owner on 2026-08-08. Preserve the English literacy target."
lesson-2-word-demo-hen,lesson-2,instruction,lessons/lesson-2/support/demonstrations/lesson-2-word-demo-hen.wav,"The word is hen. Listen: hen. Now you try.","Ang salita ay hen. Makinig: hen. Ngayon, ikaw naman.",code_switch_target,approved,"Approved by the product owner on 2026-08-08. Preserve the English literacy target."
lesson-2-word-demo-hip,lesson-2,instruction,lessons/lesson-2/support/demonstrations/lesson-2-word-demo-hip.wav,"The word is hip. Listen: hip. Now you try.","Ang salita ay hip. Makinig: hip. Ngayon, ikaw naman.",code_switch_target,approved,"Approved by the product owner on 2026-08-08. Preserve the English literacy target."
lesson-2-word-demo-hot,lesson-2,instruction,lessons/lesson-2/support/demonstrations/lesson-2-word-demo-hot.wav,"The word is hot. Listen: hot. Now you try.","Ang salita ay hot. Makinig: hot. Ngayon, ikaw naman.",code_switch_target,approved,"Approved by the product owner on 2026-08-08. Preserve the English literacy target."
lesson-2-word-demo-jam,lesson-2,instruction,lessons/lesson-2/support/demonstrations/lesson-2-word-demo-jam.wav,"The word is jam. Listen: jam. Now you try.","Ang salita ay jam. Makinig: jam. Ngayon, ikaw naman.",code_switch_target,approved,"Approved by the product owner on 2026-08-08. Preserve the English literacy target."
lesson-2-word-demo-jet,lesson-2,instruction,lessons/lesson-2/support/demonstrations/lesson-2-word-demo-jet.wav,"The word is jet. Listen: jet. Now you try.","Ang salita ay jet. Makinig: jet. Ngayon, ikaw naman.",code_switch_target,approved,"Approved by the product owner on 2026-08-08. Preserve the English literacy target."
lesson-2-word-demo-job,lesson-2,instruction,lessons/lesson-2/support/demonstrations/lesson-2-word-demo-job.wav,"The word is job. Listen: job. Now you try.","Ang salita ay job. Makinig: job. Ngayon, ikaw naman.",code_switch_target,approved,"Approved by the product owner on 2026-08-08. Preserve the English literacy target."
lesson-2-word-demo-jog,lesson-2,instruction,lessons/lesson-2/support/demonstrations/lesson-2-word-demo-jog.wav,"The word is jog. Listen: jog. Now you try.","Ang salita ay jog. Makinig: jog. Ngayon, ikaw naman.",code_switch_target,approved,"Approved by the product owner on 2026-08-08. Preserve the English literacy target."
lesson-2-word-demo-jug,lesson-2,instruction,lessons/lesson-2/support/demonstrations/lesson-2-word-demo-jug.wav,"The word is jug. Listen: jug. Now you try.","Ang salita ay jug. Makinig: jug. Ngayon, ikaw naman.",code_switch_target,approved,"Approved by the product owner on 2026-08-08. Preserve the English literacy target."
lesson-2-word-demo-lap,lesson-2,instruction,lessons/lesson-2/support/demonstrations/lesson-2-word-demo-lap.wav,"The word is lap. Listen: lap. Now you try.","Ang salita ay lap. Makinig: lap. Ngayon, ikaw naman.",code_switch_target,approved,"Approved by the product owner on 2026-08-08. Preserve the English literacy target."
lesson-2-word-demo-leg,lesson-2,instruction,lessons/lesson-2/support/demonstrations/lesson-2-word-demo-leg.wav,"The word is leg. Listen: leg. Now you try.","Ang salita ay leg. Makinig: leg. Ngayon, ikaw naman.",code_switch_target,approved,"Approved by the product owner on 2026-08-08. Preserve the English literacy target."
lesson-2-word-demo-lid,lesson-2,instruction,lessons/lesson-2/support/demonstrations/lesson-2-word-demo-lid.wav,"The word is lid. Listen: lid. Now you try.","Ang salita ay lid. Makinig: lid. Ngayon, ikaw naman.",code_switch_target,approved,"Approved by the product owner on 2026-08-08. Preserve the English literacy target."
lesson-2-word-demo-lip,lesson-2,instruction,lessons/lesson-2/support/demonstrations/lesson-2-word-demo-lip.wav,"The word is lip. Listen: lip. Now you try.","Ang salita ay lip. Makinig: lip. Ngayon, ikaw naman.",code_switch_target,approved,"Approved by the product owner on 2026-08-08. Preserve the English literacy target."
lesson-2-word-demo-log,lesson-2,instruction,lessons/lesson-2/support/demonstrations/lesson-2-word-demo-log.wav,"The word is log. Listen: log. Now you try.","Ang salita ay log. Makinig: log. Ngayon, ikaw naman.",code_switch_target,approved,"Approved by the product owner on 2026-08-08. Preserve the English literacy target."
lesson-2-word-demo-man,lesson-2,instruction,lessons/lesson-2/support/demonstrations/lesson-2-word-demo-man.wav,"The word is man. Listen: man. Now you try.","Ang salita ay man. Makinig: man. Ngayon, ikaw naman.",code_switch_target,approved,"Approved by the product owner on 2026-08-08. Preserve the English literacy target."
lesson-2-word-demo-map,lesson-2,instruction,lessons/lesson-2/support/demonstrations/lesson-2-word-demo-map.wav,"The word is map. Listen: map. Now you try.","Ang salita ay map. Makinig: map. Ngayon, ikaw naman.",code_switch_target,approved,"Approved by the product owner on 2026-08-08. Preserve the English literacy target."
lesson-2-word-demo-mat,lesson-2,instruction,lessons/lesson-2/support/demonstrations/lesson-2-word-demo-mat.wav,"The word is mat. Listen: mat. Now you try.","Ang salita ay mat. Makinig: mat. Ngayon, ikaw naman.",code_switch_target,approved,"Approved by the product owner on 2026-08-08. Preserve the English literacy target."
lesson-2-word-demo-men,lesson-2,instruction,lessons/lesson-2/support/demonstrations/lesson-2-word-demo-men.wav,"The word is men. Listen: men. Now you try.","Ang salita ay men. Makinig: men. Ngayon, ikaw naman.",code_switch_target,approved,"Approved by the product owner on 2026-08-08. Preserve the English literacy target."
lesson-2-word-demo-mug,lesson-2,instruction,lessons/lesson-2/support/demonstrations/lesson-2-word-demo-mug.wav,"The word is mug. Listen: mug. Now you try.","Ang salita ay mug. Makinig: mug. Ngayon, ikaw naman.",code_switch_target,approved,"Approved by the product owner on 2026-08-08. Preserve the English literacy target."
lesson-2-word-demo-pan,lesson-2,instruction,lessons/lesson-2/support/demonstrations/lesson-2-word-demo-pan.wav,"The word is pan. Listen: pan. Now you try.","Ang salita ay pan. Makinig: pan. Ngayon, ikaw naman.",code_switch_target,approved,"Approved by the product owner on 2026-08-08. Preserve the English literacy target."
lesson-2-word-demo-pen,lesson-2,instruction,lessons/lesson-2/support/demonstrations/lesson-2-word-demo-pen.wav,"The word is pen. Listen: pen. Now you try.","Ang salita ay pen. Makinig: pen. Ngayon, ikaw naman.",code_switch_target,approved,"Approved by the product owner on 2026-08-08. Preserve the English literacy target."
lesson-2-word-demo-pet,lesson-2,instruction,lessons/lesson-2/support/demonstrations/lesson-2-word-demo-pet.wav,"The word is pet. Listen: pet. Now you try.","Ang salita ay pet. Makinig: pet. Ngayon, ikaw naman.",code_switch_target,approved,"Approved by the product owner on 2026-08-08. Preserve the English literacy target."
lesson-2-word-demo-pig,lesson-2,instruction,lessons/lesson-2/support/demonstrations/lesson-2-word-demo-pig.wav,"The word is pig. Listen: pig. Now you try.","Ang salita ay pig. Makinig: pig. Ngayon, ikaw naman.",code_switch_target,approved,"Approved by the product owner on 2026-08-08. Preserve the English literacy target."
lesson-2-word-demo-pot,lesson-2,instruction,lessons/lesson-2/support/demonstrations/lesson-2-word-demo-pot.wav,"The word is pot. Listen: pot. Now you try.","Ang salita ay pot. Makinig: pot. Ngayon, ikaw naman.",code_switch_target,approved,"Approved by the product owner on 2026-08-08. Preserve the English literacy target."
lesson-3-mission-1-item-2,lesson-3,instruction,lessons/lesson-3/mission-1/lesson-3-mission-1-item-2.wav,"Now, read the second phrase.","Ngayon, basahin ang ikalawang parirala.",translate,approved,"Approved by the product owner on 2026-08-08 for natural child-directed Filipino."
lesson-3-mission-1-item-3,lesson-3,instruction,lessons/lesson-3/mission-1/lesson-3-mission-1-item-3.wav,"Now, read the third phrase.","Ngayon, basahin ang ikatlong parirala.",translate,approved,"Approved by the product owner on 2026-08-08 for natural child-directed Filipino."
lesson-3-mission-1-item-4,lesson-3,instruction,lessons/lesson-3/mission-1/lesson-3-mission-1-item-4.wav,"Now, read the fourth phrase.","Ngayon, basahin ang ikaapat parirala.",translate,approved,"Approved by the product owner on 2026-08-08 for natural child-directed Filipino."
lesson-3-mission-1-item-5,lesson-3,instruction,lessons/lesson-3/mission-1/lesson-3-mission-1-item-5.wav,"Now, read the fifth phrase.","Ngayon, basahin ang ikalimang parirala.",translate,approved,"Approved by the product owner on 2026-08-08 for natural child-directed Filipino."
lesson-3-technical-retry,lesson-3,instruction,lessons/lesson-3/support/technical/lesson-3-technical-retry.wav,"I could not hear that clearly. Let us try the phrase once more.","Hindi ko iyon narinig nang malinaw. Subukan nating muli ang parirala.",translate,approved,"Approved by the product owner on 2026-08-08 for natural child-directed Filipino."
lesson-3-clue-mission-1,lesson-3,instruction,lessons/lesson-3/support/clues/lesson-3-clue-mission-1.wav,"Read one word at a time from left to right. Then say the whole phrase.","Basahin ang bawat salita mula kaliwa pakanan. Pagkatapos, sabihin ang buong parirala.",translate,approved,"Approved by the product owner on 2026-08-08 for natural child-directed Filipino."
lesson-3-feedback-independent,lesson-3,result,lessons/lesson-3/support/feedback/lesson-3-feedback-independent.wav,"That is correct. You read the phrase by yourself.","Tama. Nabasa mo ang parirala nang mag-isa.",translate,approved,"Approved by the product owner on 2026-08-08 for natural child-directed Filipino."
lesson-3-feedback-supported,lesson-3,result,lessons/lesson-3/support/feedback/lesson-3-feedback-supported.wav,"That is correct. The clue helped you read the phrase.","Tama. Nakatulong ang clue para mabasa mo ang parirala.",translate,approved,"Approved by the product owner on 2026-08-08 for natural child-directed Filipino."
lesson-3-feedback-demonstrated,lesson-3,result,lessons/lesson-3/support/feedback/lesson-3-feedback-demonstrated.wav,"That is correct. You read the whole phrase with me.","Tama. Nabasa mo ang buong parirala kasabay ko.",translate,approved,"Approved by the product owner on 2026-08-08 for natural child-directed Filipino."
lesson-3-feedback-not-yet,lesson-3,result,lessons/lesson-3/support/feedback/lesson-3-feedback-not-yet.wav,"Not yet, and that is okay. We will practice this phrase again.","Hindi pa, at ayos lang iyon. Magsanay tayong muli sa pariralang ito.",translate,approved,"Approved by the product owner on 2026-08-08 for natural child-directed Filipino."
lesson-3-feedback-unscorable,lesson-3,result,lessons/lesson-3/support/feedback/lesson-3-feedback-unscorable.wav,"I still could not hear a clear answer. We can try this phrase again later.","Hindi pa rin ako nakarinig ng malinaw na sagot. Maaari nating balikan ang pariralang ito mamaya.",translate,approved,"Approved by the product owner on 2026-08-08 for natural child-directed Filipino."
lesson-3-feedback-incorrect-first,lesson-3,result,lessons/lesson-3/support/feedback/lesson-3-feedback-incorrect-first.wav,"That phrase was not quite right. Let us try again.","Hindi pa gaanong tama ang pariralang iyon. Subukan natin muli.",translate,approved,"Approved by the product owner on 2026-08-08 for natural child-directed Filipino."
lesson-3-demo-big-bag,lesson-3,instruction,lessons/lesson-3/support/demonstrations/lesson-3-demo-big-bag.wav,"Listen: big bag. Now say the whole phrase.","Makinig: big bag. Ngayon, sabihin ang buong parirala.",code_switch_target,approved,"Approved by the product owner on 2026-08-08. Preserve the English literacy target."
lesson-3-demo-big-dog,lesson-3,instruction,lessons/lesson-3/support/demonstrations/lesson-3-demo-big-dog.wav,"Listen: big dog. Now say the whole phrase.","Makinig: big dog. Ngayon, sabihin ang buong parirala.",code_switch_target,approved,"Approved by the product owner on 2026-08-08. Preserve the English literacy target."
lesson-3-demo-fat-cat,lesson-3,instruction,lessons/lesson-3/support/demonstrations/lesson-3-demo-fat-cat.wav,"Listen: fat cat. Now say the whole phrase.","Makinig: fat cat. Ngayon, sabihin ang buong parirala.",code_switch_target,approved,"Approved by the product owner on 2026-08-08. Preserve the English literacy target."
lesson-3-demo-fat-pig,lesson-3,instruction,lessons/lesson-3/support/demonstrations/lesson-3-demo-fat-pig.wav,"Listen: fat pig. Now say the whole phrase.","Makinig: fat pig. Ngayon, sabihin ang buong parirala.",code_switch_target,approved,"Approved by the product owner on 2026-08-08. Preserve the English literacy target."
lesson-3-demo-hot-pan,lesson-3,instruction,lessons/lesson-3/support/demonstrations/lesson-3-demo-hot-pan.wav,"Listen: hot pan. Now say the whole phrase.","Makinig: hot pan. Ngayon, sabihin ang buong parirala.",code_switch_target,approved,"Approved by the product owner on 2026-08-08. Preserve the English literacy target."
lesson-3-demo-red-cap,lesson-3,instruction,lessons/lesson-3/support/demonstrations/lesson-3-demo-red-cap.wav,"Listen: red cap. Now say the whole phrase.","Makinig: red cap. Ngayon, sabihin ang buong parirala.",code_switch_target,approved,"Approved by the product owner on 2026-08-08. Preserve the English literacy target."
lesson-3-demo-red-cup,lesson-3,instruction,lessons/lesson-3/support/demonstrations/lesson-3-demo-red-cup.wav,"Listen: red cup. Now say the whole phrase.","Makinig: red cup. Ngayon, sabihin ang buong parirala.",code_switch_target,approved,"Approved by the product owner on 2026-08-08. Preserve the English literacy target."
lesson-3-demo-wet-dog,lesson-3,instruction,lessons/lesson-3/support/demonstrations/lesson-3-demo-wet-dog.wav,"Listen: wet dog. Now say the whole phrase.","Makinig: wet dog. Ngayon, sabihin ang buong parirala.",code_switch_target,approved,"Approved by the product owner on 2026-08-08. Preserve the English literacy target."
lesson-3-demo-tan-bag,lesson-3,instruction,lessons/lesson-3/support/demonstrations/lesson-3-demo-tan-bag.wav,"Listen: tan bag. Now say the whole phrase.","Makinig: tan bag. Ngayon, sabihin ang buong parirala.",code_switch_target,approved,"Approved by the product owner on 2026-08-08. Preserve the English literacy target."
lesson-3-demo-sad-man,lesson-3,instruction,lessons/lesson-3/support/demonstrations/lesson-3-demo-sad-man.wav,"Listen: sad man. Now say the whole phrase.","Makinig: sad man. Ngayon, sabihin ang buong parirala.",code_switch_target,approved,"Approved by the product owner on 2026-08-08. Preserve the English literacy target."
lesson-3-demo-fun-run,lesson-3,instruction,lessons/lesson-3/support/demonstrations/lesson-3-demo-fun-run.wav,"Listen: fun run. Now say the whole phrase.","Makinig: fun run. Ngayon, sabihin ang buong parirala.",code_switch_target,approved,"Approved by the product owner on 2026-08-08. Preserve the English literacy target."
lesson-3-demo-cat-on-a-mat,lesson-3,instruction,lessons/lesson-3/support/demonstrations/lesson-3-demo-cat-on-a-mat.wav,"Listen: cat on a mat. Now say the whole phrase.","Makinig: cat on a mat. Ngayon, sabihin ang buong parirala.",code_switch_target,approved,"Approved by the product owner on 2026-08-08. Preserve the English literacy target."
lesson-3-demo-dog-on-a-log,lesson-3,instruction,lessons/lesson-3/support/demonstrations/lesson-3-demo-dog-on-a-log.wav,"Listen: dog on a log. Now say the whole phrase.","Makinig: dog on a log. Ngayon, sabihin ang buong parirala.",code_switch_target,approved,"Approved by the product owner on 2026-08-08. Preserve the English literacy target."
lesson-3-demo-fan-on-a-mat,lesson-3,instruction,lessons/lesson-3/support/demonstrations/lesson-3-demo-fan-on-a-mat.wav,"Listen: fan on a mat. Now say the whole phrase.","Makinig: fan on a mat. Ngayon, sabihin ang buong parirala.",code_switch_target,approved,"Approved by the product owner on 2026-08-08. Preserve the English literacy target."
lesson-3-demo-ham-in-a-pan,lesson-3,instruction,lessons/lesson-3/support/demonstrations/lesson-3-demo-ham-in-a-pan.wav,"Listen: ham in a pan. Now say the whole phrase.","Makinig: ham in a pan. Ngayon, sabihin ang buong parirala.",code_switch_target,approved,"Approved by the product owner on 2026-08-08. Preserve the English literacy target."
lesson-3-demo-hat-on-a-peg,lesson-3,instruction,lessons/lesson-3/support/demonstrations/lesson-3-demo-hat-on-a-peg.wav,"Listen: hat on a peg. Now say the whole phrase.","Makinig: hat on a peg. Ngayon, sabihin ang buong parirala.",code_switch_target,approved,"Approved by the product owner on 2026-08-08. Preserve the English literacy target."
lesson-3-demo-hen-in-a-pen,lesson-3,instruction,lessons/lesson-3/support/demonstrations/lesson-3-demo-hen-in-a-pen.wav,"Listen: hen in a pen. Now say the whole phrase.","Makinig: hen in a pen. Ngayon, sabihin ang buong parirala.",code_switch_target,approved,"Approved by the product owner on 2026-08-08. Preserve the English literacy target."
lesson-3-demo-kid-in-bed,lesson-3,instruction,lessons/lesson-3/support/demonstrations/lesson-3-demo-kid-in-bed.wav,"Listen: kid in bed. Now say the whole phrase.","Makinig: kid in bed. Ngayon, sabihin ang buong parirala.",code_switch_target,approved,"Approved by the product owner on 2026-08-08. Preserve the English literacy target."
lesson-3-demo-pig-in-mud,lesson-3,instruction,lessons/lesson-3/support/demonstrations/lesson-3-demo-pig-in-mud.wav,"Listen: pig in mud. Now say the whole phrase.","Makinig: pig in mud. Ngayon, sabihin ang buong parirala.",code_switch_target,approved,"Approved by the product owner on 2026-08-08. Preserve the English literacy target."
lesson-3-demo-wet-rag,lesson-3,instruction,lessons/lesson-3/support/demonstrations/lesson-3-demo-wet-rag.wav,"Listen: wet rag. Now say the whole phrase.","Makinig: wet rag. Ngayon, sabihin ang buong parirala.",code_switch_target,approved,"Approved by the product owner on 2026-08-08. Preserve the English literacy target."
lesson-4-mission-1-item-2,lesson-4,instruction,lessons/lesson-4/mission-1/lesson-4-mission-1-item-2.wav,"Now, read the second sentence.","Ngayon, basahin ang ikalawang pangungusap.",translate,approved,"Approved by the product owner on 2026-08-08 for natural child-directed Filipino."
lesson-4-mission-1-item-3,lesson-4,instruction,lessons/lesson-4/mission-1/lesson-4-mission-1-item-3.wav,"Now, read the third sentence.","Ngayon, basahin ang ikatlong pangungusap.",translate,approved,"Approved by the product owner on 2026-08-08 for natural child-directed Filipino."
lesson-4-mission-1-item-4,lesson-4,instruction,lessons/lesson-4/mission-1/lesson-4-mission-1-item-4.wav,"Now, read the fourth sentence.","Ngayon, basahin ang ikaapat pangungusap.",translate,approved,"Approved by the product owner on 2026-08-08 for natural child-directed Filipino."
lesson-4-mission-1-item-5,lesson-4,instruction,lessons/lesson-4/mission-1/lesson-4-mission-1-item-5.wav,"Now, read the fifth sentence.","Ngayon, basahin ang ikalimang pangungusap.",translate,approved,"Approved by the product owner on 2026-08-08 for natural child-directed Filipino."
lesson-4-technical-retry,lesson-4,instruction,lessons/lesson-4/support/technical/lesson-4-technical-retry.wav,"I could not hear that clearly. Let us try the sentence once more.","Hindi ko iyon narinig nang malinaw. Subukan nating muli ang pangungusap.",translate,approved,"Approved by the product owner on 2026-08-08 for natural child-directed Filipino."
lesson-4-clue-mission-1,lesson-4,instruction,lessons/lesson-4/support/clues/lesson-4-clue-mission-1.wav,"Read one word at a time from left to right. Then say the whole sentence.","Basahin ang bawat salita mula kaliwa pakanan. Pagkatapos, sabihin ang buong pangungusap.",translate,approved,"Approved by the product owner on 2026-08-08 for natural child-directed Filipino."
lesson-4-feedback-independent,lesson-4,result,lessons/lesson-4/support/feedback/lesson-4-feedback-independent.wav,"That is correct. You read the sentence by yourself.","Tama. Nabasa mo ang pangungusap nang mag-isa.",translate,approved,"Approved by the product owner on 2026-08-08 for natural child-directed Filipino."
lesson-4-feedback-supported,lesson-4,result,lessons/lesson-4/support/feedback/lesson-4-feedback-supported.wav,"That is correct. The clue helped you read the sentence.","Tama. Nakatulong ang clue para mabasa mo ang pangungusap.",translate,approved,"Approved by the product owner on 2026-08-08 for natural child-directed Filipino."
lesson-4-feedback-demonstrated,lesson-4,result,lessons/lesson-4/support/feedback/lesson-4-feedback-demonstrated.wav,"That is correct. You read the whole sentence with me.","Tama. Nabasa mo ang buong pangungusap kasabay ko.",translate,approved,"Approved by the product owner on 2026-08-08 for natural child-directed Filipino."
lesson-4-feedback-not-yet,lesson-4,result,lessons/lesson-4/support/feedback/lesson-4-feedback-not-yet.wav,"Not yet, and that is okay. We will practice this sentence again.","Hindi pa, at ayos lang iyon. Magsanay tayong muli sa pangungusap na ito.",translate,approved,"Approved by the product owner on 2026-08-08 for natural child-directed Filipino."
lesson-4-feedback-unscorable,lesson-4,result,lessons/lesson-4/support/feedback/lesson-4-feedback-unscorable.wav,"I still could not hear a clear answer. We can try this sentence again later.","Hindi pa rin ako nakarinig ng malinaw na sagot. Maaari nating balikan ang pangungusap na ito mamaya.",translate,approved,"Approved by the product owner on 2026-08-08 for natural child-directed Filipino."
lesson-4-feedback-incorrect-first,lesson-4,result,lessons/lesson-4/support/feedback/lesson-4-feedback-incorrect-first.wav,"That sentence was not quite right. Let us try again.","Hindi pa gaanong tama ang pangungusap na iyon. Subukan natin muli.",translate,approved,"Approved by the product owner on 2026-08-08 for natural child-directed Filipino."
lesson-4-demo-big-bag-bed,lesson-4,instruction,lessons/lesson-4/support/demonstrations/lesson-4-demo-big-bag-bed.wav,"Listen: A big bag is on a bed. Now say the whole sentence.","Makinig: A big bag is on a bed. Ngayon, sabihin ang buong pangungusap.",code_switch_target,approved,"Approved by the product owner on 2026-08-08. Preserve the English literacy target."
lesson-4-demo-cat-mat,lesson-4,instruction,lessons/lesson-4/support/demonstrations/lesson-4-demo-cat-mat.wav,"Listen: A cat is on a mat. Now say the whole sentence.","Makinig: A cat is on a mat. Ngayon, sabihin ang buong pangungusap.",code_switch_target,approved,"Approved by the product owner on 2026-08-08. Preserve the English literacy target."
lesson-4-demo-dog-log,lesson-4,instruction,lessons/lesson-4/support/demonstrations/lesson-4-demo-dog-log.wav,"Listen: A dog is on a log. Now say the whole sentence.","Makinig: A dog is on a log. Ngayon, sabihin ang buong pangungusap.",code_switch_target,approved,"Approved by the product owner on 2026-08-08. Preserve the English literacy target."
lesson-4-demo-hen-pen,lesson-4,instruction,lessons/lesson-4/support/demonstrations/lesson-4-demo-hen-pen.wav,"Listen: A hen is in a pen. Now say the whole sentence.","Makinig: A hen is in a pen. Ngayon, sabihin ang buong pangungusap.",code_switch_target,approved,"Approved by the product owner on 2026-08-08. Preserve the English literacy target."
lesson-4-demo-hot-pan-mat,lesson-4,instruction,lessons/lesson-4/support/demonstrations/lesson-4-demo-hot-pan-mat.wav,"Listen: A hot pan is on a mat. Now say the whole sentence.","Makinig: A hot pan is on a mat. Ngayon, sabihin ang buong pangungusap.",code_switch_target,approved,"Approved by the product owner on 2026-08-08. Preserve the English literacy target."
lesson-4-demo-kid-hop,lesson-4,instruction,lessons/lesson-4/support/demonstrations/lesson-4-demo-kid-hop.wav,"Listen: A kid can hop. Now say the whole sentence.","Makinig: A kid can hop. Ngayon, sabihin ang buong pangungusap.",code_switch_target,approved,"Approved by the product owner on 2026-08-08. Preserve the English literacy target."
lesson-4-demo-man-dig,lesson-4,instruction,lessons/lesson-4/support/demonstrations/lesson-4-demo-man-dig.wav,"Listen: A man can dig. Now say the whole sentence.","Makinig: A man can dig. Ngayon, sabihin ang buong pangungusap.",code_switch_target,approved,"Approved by the product owner on 2026-08-08. Preserve the English literacy target."
lesson-4-demo-pig-mud,lesson-4,instruction,lessons/lesson-4/support/demonstrations/lesson-4-demo-pig-mud.wav,"Listen: A pig is in mud. Now say the whole sentence.","Makinig: A pig is in mud. Ngayon, sabihin ang buong pangungusap.",code_switch_target,approved,"Approved by the product owner on 2026-08-08. Preserve the English literacy target."
lesson-4-demo-red-cup-mat,lesson-4,instruction,lessons/lesson-4/support/demonstrations/lesson-4-demo-red-cup-mat.wav,"Listen: A red cup is on a mat. Now say the whole sentence.","Makinig: A red cup is on a mat. Ngayon, sabihin ang buong pangungusap.",code_switch_target,approved,"Approved by the product owner on 2026-08-08. Preserve the English literacy target."
lesson-4-demo-wet-dog-mat,lesson-4,instruction,lessons/lesson-4/support/demonstrations/lesson-4-demo-wet-dog-mat.wav,"Listen: A wet dog is on a mat. Now say the whole sentence.","Makinig: A wet dog is on a mat. Ngayon, sabihin ang buong pangungusap.",code_switch_target,approved,"Approved by the product owner on 2026-08-08. Preserve the English literacy target."
lesson-4-demo-ana-bag,lesson-4,instruction,lessons/lesson-4/support/demonstrations/lesson-4-demo-ana-bag.wav,"Listen: Ana has a bag. Now say the whole sentence.","Makinig: Ana has a bag. Ngayon, sabihin ang buong pangungusap.",code_switch_target,approved,"Approved by the product owner on 2026-08-08. Preserve the English literacy target."
lesson-4-demo-ben-cap,lesson-4,instruction,lessons/lesson-4/support/demonstrations/lesson-4-demo-ben-cap.wav,"Listen: Ben has a cap. Now say the whole sentence.","Makinig: Ben has a cap. Ngayon, sabihin ang buong pangungusap.",code_switch_target,approved,"Approved by the product owner on 2026-08-08. Preserve the English literacy target."
lesson-4-demo-lena-hop,lesson-4,instruction,lessons/lesson-4/support/demonstrations/lesson-4-demo-lena-hop.wav,"Listen: Lena can hop. Now say the whole sentence.","Makinig: Lena can hop. Ngayon, sabihin ang buong pangungusap.",code_switch_target,approved,"Approved by the product owner on 2026-08-08. Preserve the English literacy target."
lesson-4-demo-lito-run,lesson-4,instruction,lessons/lesson-4/support/demonstrations/lesson-4-demo-lito-run.wav,"Listen: Lito can run. Now say the whole sentence.","Makinig: Lito can run. Ngayon, sabihin ang buong pangungusap.",code_switch_target,approved,"Approved by the product owner on 2026-08-08. Preserve the English literacy target."
lesson-4-demo-mia-cat,lesson-4,instruction,lessons/lesson-4/support/demonstrations/lesson-4-demo-mia-cat.wav,"Listen: Mia has a cat. Now say the whole sentence.","Makinig: Mia has a cat. Ngayon, sabihin ang buong pangungusap.",code_switch_target,approved,"Approved by the product owner on 2026-08-08. Preserve the English literacy target."
lesson-4-demo-mina-fan,lesson-4,instruction,lessons/lesson-4/support/demonstrations/lesson-4-demo-mina-fan.wav,"Listen: Mina has a fan. Now say the whole sentence.","Makinig: Mina has a fan. Ngayon, sabihin ang buong pangungusap.",code_switch_target,approved,"Approved by the product owner on 2026-08-08. Preserve the English literacy target."
lesson-4-demo-nena-sit,lesson-4,instruction,lessons/lesson-4/support/demonstrations/lesson-4-demo-nena-sit.wav,"Listen: Nena can sit. Now say the whole sentence.","Makinig: Nena can sit. Ngayon, sabihin ang buong pangungusap.",code_switch_target,approved,"Approved by the product owner on 2026-08-08. Preserve the English literacy target."
lesson-4-demo-nico-dog,lesson-4,instruction,lessons/lesson-4/support/demonstrations/lesson-4-demo-nico-dog.wav,"Listen: Nico has a dog. Now say the whole sentence.","Makinig: Nico has a dog. Ngayon, sabihin ang buong pangungusap.",code_switch_target,approved,"Approved by the product owner on 2026-08-08. Preserve the English literacy target."
lesson-4-demo-rosa-red-bag,lesson-4,instruction,lessons/lesson-4/support/demonstrations/lesson-4-demo-rosa-red-bag.wav,"Listen: Rosa has a red bag. Now say the whole sentence.","Makinig: Rosa has a red bag. Ngayon, sabihin ang buong pangungusap.",code_switch_target,approved,"Approved by the product owner on 2026-08-08. Preserve the English literacy target."
lesson-4-demo-tino-pet-pig,lesson-4,instruction,lessons/lesson-4/support/demonstrations/lesson-4-demo-tino-pet-pig.wav,"Listen: Tino has a pet pig. Now say the whole sentence.","Makinig: Tino has a pet pig. Ngayon, sabihin ang buong pangungusap.",code_switch_target,approved,"Approved by the product owner on 2026-08-08. Preserve the English literacy target."
lesson-5-technical-retry,lesson-5,instruction,lessons/lesson-5/support/technical/lesson-5-technical-retry.wav,"I could not hear the passage clearly. Let us try it once more.","Hindi ko narinig nang malinaw ang teksto. Subukan natin itong muli.",translate,approved,"Approved by the product owner on 2026-08-08 for natural child-directed Filipino."
lesson-5-performance-excellent,lesson-5,result,lessons/lesson-5/review/lesson-5-performance-excellent.wav,"You read the passage very clearly. You kept the words together from beginning to end.","Napakalinaw ng pagbasa mo sa teksto. Napagsama-sama mo ang mga salita mula simula hanggang wakas.",translate,approved,"Approved by the product owner on 2026-08-08 for natural child-directed Filipino."
lesson-5-performance-strong,lesson-5,result,lessons/lesson-5/review/lesson-5-performance-strong.wav,"You did good work reading that passage. A few words need more practice.","Mahusay ang pagbasa mo sa tekstong iyon. May ilang salitang kailangan pang sanayin.",translate,approved,"Approved by the product owner on 2026-08-08 for natural child-directed Filipino."
lesson-5-performance-growing,lesson-5,result,lessons/lesson-5/review/lesson-5-performance-growing.wav,"You stayed with the passage and kept reading. Let us practice the words that were difficult.","Ipinagpatuloy mo ang pagbasa sa teksto. Sanayin natin ang mga salitang nahirapan kang basahin.",translate,approved,"Approved by the product owner on 2026-08-08 for natural child-directed Filipino."
lesson-5-performance-beginning,lesson-5,result,lessons/lesson-5/review/lesson-5-performance-beginning.wav,"Thank you for finishing the passage. Reading a whole story takes courage, and we can practice it again.","Salamat sa pagtatapos ng teksto. Kailangan ng tapang upang basahin ang isang buong kuwento, at maaari natin itong sanayin muli.",translate,approved,"Approved by the product owner on 2026-08-08 for natural child-directed Filipino."
lesson-5-performance-skipped,lesson-5,result,lessons/lesson-5/review/lesson-5-performance-skipped.wav,"That is okay. We can return to this passage another time.","Ayos lang iyon. Maaari nating balikan ang tekstong ito sa ibang pagkakataon.",translate,approved,"Approved by the product owner on 2026-08-08 for natural child-directed Filipino."
lesson-5-performance-unavailable,lesson-5,result,lessons/lesson-5/review/lesson-5-performance-unavailable.wav,"I could not hear enough of the passage to show a reading result. We can try it again another time.","Hindi sapat ang narinig ko sa teksto upang maipakita ang resulta ng pagbasa. Maaari natin itong subukan muli sa ibang pagkakataon.",translate,approved,"Approved by the product owner on 2026-08-08 for natural child-directed Filipino."
assessment-letters-item-2,assessments,instruction,part-1/task-1a/assessment-letters-item-2.wav,"Now, try the second letter.","Ngayon, subukan ang ikalawang letra.",translate,approved,"Approved by the product owner on 2026-08-08 for natural child-directed Filipino."
assessment-letters-item-3,assessments,instruction,part-1/task-1a/assessment-letters-item-3.wav,"Now, try the third letter.","Ngayon, subukan ang ikatlong letra.",translate,approved,"Approved by the product owner on 2026-08-08 for natural child-directed Filipino."
assessment-letters-item-4,assessments,instruction,part-1/task-1a/assessment-letters-item-4.wav,"Now, try the fourth letter.","Ngayon, subukan ang ikaapat letra.",translate,approved,"Approved by the product owner on 2026-08-08 for natural child-directed Filipino."
assessment-letters-item-5,assessments,instruction,part-1/task-1a/assessment-letters-item-5.wav,"Now, try the fifth letter.","Ngayon, subukan ang ikalimang letra.",translate,approved,"Approved by the product owner on 2026-08-08 for natural child-directed Filipino."
assessment-letters-item-6,assessments,instruction,part-1/task-1a/assessment-letters-item-6.wav,"Now, try the sixth letter.","Ngayon, subukan ang ikaanim na letra.",translate,approved,"Approved by the product owner on 2026-08-08 for natural child-directed Filipino."
assessment-letters-item-7,assessments,instruction,part-1/task-1a/assessment-letters-item-7.wav,"Now, try the seventh letter.","Ngayon, subukan ang ikapitong letra.",translate,approved,"Approved by the product owner on 2026-08-08 for natural child-directed Filipino."
assessment-letters-item-8,assessments,instruction,part-1/task-1a/assessment-letters-item-8.wav,"Now, try the eighth letter.","Ngayon, subukan ang ikawalong letra.",translate,approved,"Approved by the product owner on 2026-08-08 for natural child-directed Filipino."
assessment-letters-item-9,assessments,instruction,part-1/task-1a/assessment-letters-item-9.wav,"Now, try the ninth letter.","Ngayon, subukan ang ikasiyam na letra.",translate,approved,"Approved by the product owner on 2026-08-08 for natural child-directed Filipino."
assessment-letters-item-10,assessments,instruction,part-1/task-1a/assessment-letters-item-10.wav,"Now, try the tenth letter.","Ngayon, subukan ang ikasampung letra.",translate,approved,"Approved by the product owner on 2026-08-08 for natural child-directed Filipino."
assessment-rhymes-item-2,assessments,question,part-1/task-2a/assessment-rhymes-item-2.wav,"Now, check the second pair.","Ngayon, suriin ang ikalawang pares.",translate,approved,"Approved by the product owner on 2026-08-08 for natural child-directed Filipino."
assessment-rhymes-item-3,assessments,question,part-1/task-2a/assessment-rhymes-item-3.wav,"Now, check the third pair.","Ngayon, suriin ang ikatlong pares.",translate,approved,"Approved by the product owner on 2026-08-08 for natural child-directed Filipino."
assessment-rhymes-item-4,assessments,question,part-1/task-2a/assessment-rhymes-item-4.wav,"Now, check the fourth pair.","Ngayon, suriin ang ikaapat pares.",translate,approved,"Approved by the product owner on 2026-08-08 for natural child-directed Filipino."
assessment-rhymes-item-5,assessments,question,part-1/task-2a/assessment-rhymes-item-5.wav,"Now, check the fifth pair.","Ngayon, suriin ang ikalimang pares.",translate,approved,"Approved by the product owner on 2026-08-08 for natural child-directed Filipino."
assessment-rhymes-item-6,assessments,question,part-1/task-2a/assessment-rhymes-item-6.wav,"Now, check the sixth pair.","Ngayon, suriin ang ikaanim na pares.",translate,approved,"Approved by the product owner on 2026-08-08 for natural child-directed Filipino."
assessment-rhymes-item-7,assessments,question,part-1/task-2a/assessment-rhymes-item-7.wav,"Now, check the seventh pair.","Ngayon, suriin ang ikapitong pares.",translate,approved,"Approved by the product owner on 2026-08-08 for natural child-directed Filipino."
assessment-rhymes-item-8,assessments,question,part-1/task-2a/assessment-rhymes-item-8.wav,"Now, check the eighth pair.","Ngayon, suriin ang ikawalong pares.",translate,approved,"Approved by the product owner on 2026-08-08 for natural child-directed Filipino."
assessment-rhymes-item-9,assessments,question,part-1/task-2a/assessment-rhymes-item-9.wav,"Now, check the ninth pair.","Ngayon, suriin ang ikasiyam na pares.",translate,approved,"Approved by the product owner on 2026-08-08 for natural child-directed Filipino."
assessment-rhymes-item-10,assessments,question,part-1/task-2a/assessment-rhymes-item-10.wav,"Now, check the tenth pair.","Ngayon, suriin ang ikasampung pares.",translate,approved,"Approved by the product owner on 2026-08-08 for natural child-directed Filipino."
assessment-words-item-2,assessments,instruction,part-1/task-2b/assessment-words-item-2.wav,"Now, read the second word.","Ngayon, basahin ang ikalawang salita.",translate,approved,"Approved by the product owner on 2026-08-08 for natural child-directed Filipino."
assessment-words-item-3,assessments,instruction,part-1/task-2b/assessment-words-item-3.wav,"Now, read the third word.","Ngayon, basahin ang ikatlong salita.",translate,approved,"Approved by the product owner on 2026-08-08 for natural child-directed Filipino."
assessment-words-item-4,assessments,instruction,part-1/task-2b/assessment-words-item-4.wav,"Now, read the fourth word.","Ngayon, basahin ang ikaapat salita.",translate,approved,"Approved by the product owner on 2026-08-08 for natural child-directed Filipino."
assessment-words-item-5,assessments,instruction,part-1/task-2b/assessment-words-item-5.wav,"Now, read the fifth word.","Ngayon, basahin ang ikalimang salita.",translate,approved,"Approved by the product owner on 2026-08-08 for natural child-directed Filipino."
assessment-words-item-6,assessments,instruction,part-1/task-2b/assessment-words-item-6.wav,"Now, read the sixth word.","Ngayon, basahin ang ikaanim na salita.",translate,approved,"Approved by the product owner on 2026-08-08 for natural child-directed Filipino."
assessment-words-item-7,assessments,instruction,part-1/task-2b/assessment-words-item-7.wav,"Now, read the seventh word.","Ngayon, basahin ang ikapitong salita.",translate,approved,"Approved by the product owner on 2026-08-08 for natural child-directed Filipino."
assessment-words-item-8,assessments,instruction,part-1/task-2b/assessment-words-item-8.wav,"Now, read the eighth word.","Ngayon, basahin ang ikawalong salita.",translate,approved,"Approved by the product owner on 2026-08-08 for natural child-directed Filipino."
assessment-words-item-9,assessments,instruction,part-1/task-2b/assessment-words-item-9.wav,"Now, read the ninth word.","Ngayon, basahin ang ikasiyam na salita.",translate,approved,"Approved by the product owner on 2026-08-08 for natural child-directed Filipino."
assessment-words-item-10,assessments,instruction,part-1/task-2b/assessment-words-item-10.wav,"Now, read the tenth word.","Ngayon, basahin ang ikasampung salita.",translate,approved,"Approved by the product owner on 2026-08-08 for natural child-directed Filipino."
